pattern,crash_point,crash_round,predicate,lookback,p_lag,seed,source_rows,lost,duplicates,phantoms,corrupt_final,stuck,storage_overhead,rows_read,exp_duplicates,exp_regression,exp_corrupt,crash_fired,final_ok,transient_ok
A4,,10,gt,0,0.05,0,1472,41,0,0,False,False,0,1431,0,0,False,False,False,True
A4,,10,gt,0,0.05,1,1469,48,0,0,False,False,0,1421,0,0,False,False,False,True
A4,,10,gt,0,0.05,2,1444,50,0,0,False,False,0,1394,0,0,False,False,False,True
A4,,10,gt,0,0.05,3,1490,50,0,0,False,False,0,1440,0,0,False,False,False,True
A4,,10,gt,0,0.05,4,1389,24,0,0,False,False,0,1365,0,0,False,False,False,True
A4,,10,gt,0,0.05,5,1567,38,0,0,False,False,0,1529,0,0,False,False,False,True
A4,,10,gt,0,0.05,6,1545,67,0,0,False,False,0,1478,0,0,False,False,False,True
A4,,10,gt,0,0.05,7,1357,69,0,0,False,False,0,1288,0,0,False,False,False,True
A4,,10,gt,0,0.05,8,1433,52,0,0,False,False,0,1381,0,0,False,False,False,True
A4,,10,gt,0,0.05,9,1503,44,0,0,False,False,0,1459,0,0,False,False,False,True
A4,after_extract,10,gt,0,0.05,0,1472,41,0,0,False,False,0,1526,0,0,False,True,False,True
A4,after_extract,10,gt,0,0.05,1,1469,48,0,0,False,False,0,1509,0,0,False,True,False,True
A4,after_extract,10,gt,0,0.05,2,1444,50,0,0,False,False,0,1466,0,0,False,True,False,True
A4,after_extract,10,gt,0,0.05,3,1490,50,0,0,False,False,0,1512,0,0,False,True,False,True
A4,after_extract,10,gt,0,0.05,4,1389,24,0,0,False,False,0,1454,0,0,False,True,False,True
A4,after_extract,10,gt,0,0.05,5,1567,38,0,0,False,False,0,1602,0,0,False,True,False,True
A4,after_extract,10,gt,0,0.05,6,1545,67,0,0,False,False,0,1576,0,0,False,True,False,True
A4,after_extract,10,gt,0,0.05,7,1357,69,0,0,False,False,0,1382,0,0,False,True,False,True
A4,after_extract,10,gt,0,0.05,8,1433,52,0,0,False,False,0,1444,0,0,False,True,False,True
A4,after_extract,10,gt,0,0.05,9,1503,44,0,0,False,False,0,1564,0,0,False,True,False,True
A4,mid_txn,10,gt,0,0.05,0,1472,41,0,0,False,False,0,1526,0,0,False,True,False,True
A4,mid_txn,10,gt,0,0.05,1,1469,48,0,0,False,False,0,1509,0,0,False,True,False,True
A4,mid_txn,10,gt,0,0.05,2,1444,50,0,0,False,False,0,1466,0,0,False,True,False,True
A4,mid_txn,10,gt,0,0.05,3,1490,50,0,0,False,False,0,1512,0,0,False,True,False,True
A4,mid_txn,10,gt,0,0.05,4,1389,24,0,0,False,False,0,1454,0,0,False,True,False,True
A4,mid_txn,10,gt,0,0.05,5,1567,38,0,0,False,False,0,1602,0,0,False,True,False,True
A4,mid_txn,10,gt,0,0.05,6,1545,67,0,0,False,False,0,1576,0,0,False,True,False,True
A4,mid_txn,10,gt,0,0.05,7,1357,69,0,0,False,False,0,1382,0,0,False,True,False,True
A4,mid_txn,10,gt,0,0.05,8,1433,52,0,0,False,False,0,1444,0,0,False,True,False,True
A4,mid_txn,10,gt,0,0.05,9,1503,44,0,0,False,False,0,1564,0,0,False,True,False,True
A4,after_commit,10,gt,0,0.05,0,1472,41,0,0,False,False,0,1431,0,0,False,True,False,True
A4,after_commit,10,gt,0,0.05,1,1469,48,0,0,False,False,0,1421,0,0,False,True,False,True
A4,after_commit,10,gt,0,0.05,2,1444,50,0,0,False,False,0,1394,0,0,False,True,False,True
A4,after_commit,10,gt,0,0.05,3,1490,50,0,0,False,False,0,1440,0,0,False,True,False,True
A4,after_commit,10,gt,0,0.05,4,1389,24,0,0,False,False,0,1365,0,0,False,True,False,True
A4,after_commit,10,gt,0,0.05,5,1567,38,0,0,False,False,0,1529,0,0,False,True,False,True
A4,after_commit,10,gt,0,0.05,6,1545,67,0,0,False,False,0,1478,0,0,False,True,False,True
A4,after_commit,10,gt,0,0.05,7,1357,69,0,0,False,False,0,1288,0,0,False,True,False,True
A4,after_commit,10,gt,0,0.05,8,1433,52,0,0,False,False,0,1381,0,0,False,True,False,True
A4,after_commit,10,gt,0,0.05,9,1503,44,0,0,False,False,0,1459,0,0,False,True,False,True
A4,,10,lookback,15,0.05,0,1472,0,2226,0,False,False,2226,3698,0,0,False,False,False,True
A4,,10,lookback,15,0.05,1,1469,0,2252,0,False,False,2252,3721,0,0,False,False,False,True
A4,,10,lookback,15,0.05,2,1444,0,2193,0,False,False,2193,3637,0,0,False,False,False,True
A4,,10,lookback,15,0.05,3,1490,0,2276,0,False,False,2276,3766,0,0,False,False,False,True
A4,,10,lookback,15,0.05,4,1389,0,2088,0,False,False,2088,3477,0,0,False,False,False,True
A4,,10,lookback,15,0.05,5,1567,0,2438,0,False,False,2438,4005,0,0,False,False,False,True
A4,,10,lookback,15,0.05,6,1545,0,2356,0,False,False,2356,3901,0,0,False,False,False,True
A4,,10,lookback,15,0.05,7,1357,0,2010,0,False,False,2010,3367,0,0,False,False,False,True
A4,,10,lookback,15,0.05,8,1433,0,2159,0,False,False,2159,3592,0,0,False,False,False,True
A4,,10,lookback,15,0.05,9,1503,0,2321,0,False,False,2321,3824,0,0,False,False,False,True
A4,after_extract,10,lookback,15,0.05,0,1472,0,2226,0,False,False,2226,3901,843,0,False,True,False,False
A4,after_extract,10,lookback,15,0.05,1,1469,0,2252,0,False,False,2252,3881,812,0,False,True,False,False
A4,after_extract,10,lookback,15,0.05,2,1444,0,2193,0,False,False,2193,3812,767,0,False,True,False,False
A4,after_extract,10,lookback,15,0.05,3,1490,0,2276,0,False,False,2276,3936,869,0,False,True,False,False
A4,after_extract,10,lookback,15,0.05,4,1389,0,2088,0,False,False,2088,3658,774,0,False,True,False,False
A4,after_extract,10,lookback,15,0.05,5,1567,0,2438,0,False,False,2438,4212,896,0,False,True,False,False
A4,after_extract,10,lookback,15,0.05,6,1545,0,2356,0,False,False,2356,4079,798,0,False,True,False,False
A4,after_extract,10,lookback,15,0.05,7,1357,0,2010,0,False,False,2010,3525,676,0,False,True,False,False
A4,after_extract,10,lookback,15,0.05,8,1433,0,2159,0,False,False,2159,3737,835,0,False,True,False,False
A4,after_extract,10,lookback,15,0.05,9,1503,0,2321,0,False,False,2321,4070,830,0,False,True,False,False
A4,mid_txn,10,lookback,15,0.05,0,1472,0,2226,0,False,False,2226,3901,843,0,False,True,False,False
A4,mid_txn,10,lookback,15,0.05,1,1469,0,2252,0,False,False,2252,3881,812,0,False,True,False,False
A4,mid_txn,10,lookback,15,0.05,2,1444,0,2193,0,False,False,2193,3812,767,0,False,True,False,False
A4,mid_txn,10,lookback,15,0.05,3,1490,0,2276,0,False,False,2276,3936,869,0,False,True,False,False
A4,mid_txn,10,lookback,15,0.05,4,1389,0,2088,0,False,False,2088,3658,774,0,False,True,False,False
A4,mid_txn,10,lookback,15,0.05,5,1567,0,2438,0,False,False,2438,4212,896,0,False,True,False,False
A4,mid_txn,10,lookback,15,0.05,6,1545,0,2356,0,False,False,2356,4079,798,0,False,True,False,False
A4,mid_txn,10,lookback,15,0.05,7,1357,0,2010,0,False,False,2010,3525,676,0,False,True,False,False
A4,mid_txn,10,lookback,15,0.05,8,1433,0,2159,0,False,False,2159,3737,835,0,False,True,False,False
A4,mid_txn,10,lookback,15,0.05,9,1503,0,2321,0,False,False,2321,4070,830,0,False,True,False,False
A4,after_commit,10,lookback,15,0.05,0,1472,0,2355,0,False,False,2355,3827,946,0,False,True,False,False
A4,after_commit,10,lookback,15,0.05,1,1469,0,2371,0,False,False,2371,3840,882,0,False,True,False,False
A4,after_commit,10,lookback,15,0.05,2,1444,0,2289,0,False,False,2289,3733,868,0,False,True,False,False
A4,after_commit,10,lookback,15,0.05,3,1490,0,2366,0,False,False,2366,3856,966,0,False,True,False,False
A4,after_commit,10,lookback,15,0.05,4,1389,0,2205,0,False,False,2205,3594,866,0,False,True,False,False
A4,after_commit,10,lookback,15,0.05,5,1567,0,2557,0,False,False,2557,4124,1030,0,False,True,False,False
A4,after_commit,10,lookback,15,0.05,6,1545,0,2472,0,False,False,2472,4017,876,0,False,True,False,False
A4,after_commit,10,lookback,15,0.05,7,1357,0,2122,0,False,False,2122,3479,737,0,False,True,False,False
A4,after_commit,10,lookback,15,0.05,8,1433,0,2249,0,False,False,2249,3682,917,0,False,True,False,False
A4,after_commit,10,lookback,15,0.05,9,1503,0,2458,0,False,False,2458,3961,966,0,False,True,False,False
M2,,10,gt,0,0.05,0,1472,41,0,0,False,False,0,1431,0,0,False,False,False,True
M2,,10,gt,0,0.05,1,1469,48,0,0,False,False,0,1421,0,0,False,False,False,True
M2,,10,gt,0,0.05,2,1444,50,0,0,False,False,0,1394,0,0,False,False,False,True
M2,,10,gt,0,0.05,3,1490,50,0,0,False,False,0,1440,0,0,False,False,False,True
M2,,10,gt,0,0.05,4,1389,24,0,0,False,False,0,1365,0,0,False,False,False,True
M2,,10,gt,0,0.05,5,1567,38,0,0,False,False,0,1529,0,0,False,False,False,True
M2,,10,gt,0,0.05,6,1545,67,0,0,False,False,0,1478,0,0,False,False,False,True
M2,,10,gt,0,0.05,7,1357,69,0,0,False,False,0,1288,0,0,False,False,False,True
M2,,10,gt,0,0.05,8,1433,52,0,0,False,False,0,1381,0,0,False,False,False,True
M2,,10,gt,0,0.05,9,1503,44,0,0,False,False,0,1459,0,0,False,False,False,True
M2,after_extract,10,gt,0,0.05,0,1472,41,0,0,False,False,0,1526,0,0,False,True,False,True
M2,after_extract,10,gt,0,0.05,1,1469,48,0,0,False,False,0,1509,0,0,False,True,False,True
M2,after_extract,10,gt,0,0.05,2,1444,50,0,0,False,False,0,1466,0,0,False,True,False,True
M2,after_extract,10,gt,0,0.05,3,1490,50,0,0,False,False,0,1512,0,0,False,True,False,True
M2,after_extract,10,gt,0,0.05,4,1389,24,0,0,False,False,0,1454,0,0,False,True,False,True
M2,after_extract,10,gt,0,0.05,5,1567,38,0,0,False,False,0,1602,0,0,False,True,False,True
M2,after_extract,10,gt,0,0.05,6,1545,67,0,0,False,False,0,1576,0,0,False,True,False,True
M2,after_extract,10,gt,0,0.05,7,1357,69,0,0,False,False,0,1382,0,0,False,True,False,True
M2,after_extract,10,gt,0,0.05,8,1433,52,0,0,False,False,0,1444,0,0,False,True,False,True
M2,after_extract,10,gt,0,0.05,9,1503,44,0,0,False,False,0,1564,0,0,False,True,False,True
M2,mid_txn,10,gt,0,0.05,0,1472,41,0,0,False,False,0,1526,0,0,False,True,False,True
M2,mid_txn,10,gt,0,0.05,1,1469,48,0,0,False,False,0,1509,0,0,False,True,False,True
M2,mid_txn,10,gt,0,0.05,2,1444,50,0,0,False,False,0,1466,0,0,False,True,False,True
M2,mid_txn,10,gt,0,0.05,3,1490,50,0,0,False,False,0,1512,0,0,False,True,False,True
M2,mid_txn,10,gt,0,0.05,4,1389,24,0,0,False,False,0,1454,0,0,False,True,False,True
M2,mid_txn,10,gt,0,0.05,5,1567,38,0,0,False,False,0,1602,0,0,False,True,False,True
M2,mid_txn,10,gt,0,0.05,6,1545,67,0,0,False,False,0,1576,0,0,False,True,False,True
M2,mid_txn,10,gt,0,0.05,7,1357,69,0,0,False,False,0,1382,0,0,False,True,False,True
M2,mid_txn,10,gt,0,0.05,8,1433,52,0,0,False,False,0,1444,0,0,False,True,False,True
M2,mid_txn,10,gt,0,0.05,9,1503,44,0,0,False,False,0,1564,0,0,False,True,False,True
M2,after_commit,10,gt,0,0.05,0,1472,41,0,0,False,False,0,1431,0,0,False,True,False,True
M2,after_commit,10,gt,0,0.05,1,1469,48,0,0,False,False,0,1421,0,0,False,True,False,True
M2,after_commit,10,gt,0,0.05,2,1444,50,0,0,False,False,0,1394,0,0,False,True,False,True
M2,after_commit,10,gt,0,0.05,3,1490,50,0,0,False,False,0,1440,0,0,False,True,False,True
M2,after_commit,10,gt,0,0.05,4,1389,24,0,0,False,False,0,1365,0,0,False,True,False,True
M2,after_commit,10,gt,0,0.05,5,1567,38,0,0,False,False,0,1529,0,0,False,True,False,True
M2,after_commit,10,gt,0,0.05,6,1545,67,0,0,False,False,0,1478,0,0,False,True,False,True
M2,after_commit,10,gt,0,0.05,7,1357,69,0,0,False,False,0,1288,0,0,False,True,False,True
M2,after_commit,10,gt,0,0.05,8,1433,52,0,0,False,False,0,1381,0,0,False,True,False,True
M2,after_commit,10,gt,0,0.05,9,1503,44,0,0,False,False,0,1459,0,0,False,True,False,True
M2,,10,lookback,15,0.05,0,1472,0,0,0,False,False,0,3698,0,0,False,False,True,True
M2,,10,lookback,15,0.05,1,1469,0,0,0,False,False,0,3721,0,0,False,False,True,True
M2,,10,lookback,15,0.05,2,1444,0,0,0,False,False,0,3637,0,0,False,False,True,True
M2,,10,lookback,15,0.05,3,1490,0,0,0,False,False,0,3766,0,0,False,False,True,True
M2,,10,lookback,15,0.05,4,1389,0,0,0,False,False,0,3477,0,0,False,False,True,True
M2,,10,lookback,15,0.05,5,1567,0,0,0,False,False,0,4005,0,0,False,False,True,True
M2,,10,lookback,15,0.05,6,1545,0,0,0,False,False,0,3901,0,0,False,False,True,True
M2,,10,lookback,15,0.05,7,1357,0,0,0,False,False,0,3367,0,0,False,False,True,True
M2,,10,lookback,15,0.05,8,1433,0,0,0,False,False,0,3592,0,0,False,False,True,True
M2,,10,lookback,15,0.05,9,1503,0,0,0,False,False,0,3824,0,0,False,False,True,True
M2,after_extract,10,lookback,15,0.05,0,1472,0,0,0,False,False,0,3901,0,0,False,True,True,True
M2,after_extract,10,lookback,15,0.05,1,1469,0,0,0,False,False,0,3881,0,0,False,True,True,True
M2,after_extract,10,lookback,15,0.05,2,1444,0,0,0,False,False,0,3812,0,0,False,True,True,True
M2,after_extract,10,lookback,15,0.05,3,1490,0,0,0,False,False,0,3936,0,0,False,True,True,True
M2,after_extract,10,lookback,15,0.05,4,1389,0,0,0,False,False,0,3658,0,0,False,True,True,True
M2,after_extract,10,lookback,15,0.05,5,1567,0,0,0,False,False,0,4212,0,0,False,True,True,True
M2,after_extract,10,lookback,15,0.05,6,1545,0,0,0,False,False,0,4079,0,0,False,True,True,True
M2,after_extract,10,lookback,15,0.05,7,1357,0,0,0,False,False,0,3525,0,0,False,True,True,True
M2,after_extract,10,lookback,15,0.05,8,1433,0,0,0,False,False,0,3737,0,0,False,True,True,True
M2,after_extract,10,lookback,15,0.05,9,1503,0,0,0,False,False,0,4070,0,0,False,True,True,True
M2,mid_txn,10,lookback,15,0.05,0,1472,0,0,0,False,False,0,3901,0,0,False,True,True,True
M2,mid_txn,10,lookback,15,0.05,1,1469,0,0,0,False,False,0,3881,0,0,False,True,True,True
M2,mid_txn,10,lookback,15,0.05,2,1444,0,0,0,False,False,0,3812,0,0,False,True,True,True
M2,mid_txn,10,lookback,15,0.05,3,1490,0,0,0,False,False,0,3936,0,0,False,True,True,True
M2,mid_txn,10,lookback,15,0.05,4,1389,0,0,0,False,False,0,3658,0,0,False,True,True,True
M2,mid_txn,10,lookback,15,0.05,5,1567,0,0,0,False,False,0,4212,0,0,False,True,True,True
M2,mid_txn,10,lookback,15,0.05,6,1545,0,0,0,False,False,0,4079,0,0,False,True,True,True
M2,mid_txn,10,lookback,15,0.05,7,1357,0,0,0,False,False,0,3525,0,0,False,True,True,True
M2,mid_txn,10,lookback,15,0.05,8,1433,0,0,0,False,False,0,3737,0,0,False,True,True,True
M2,mid_txn,10,lookback,15,0.05,9,1503,0,0,0,False,False,0,4070,0,0,False,True,True,True
M2,after_commit,10,lookback,15,0.05,0,1472,0,0,0,False,False,0,3827,0,0,False,True,True,True
M2,after_commit,10,lookback,15,0.05,1,1469,0,0,0,False,False,0,3840,0,0,False,True,True,True
M2,after_commit,10,lookback,15,0.05,2,1444,0,0,0,False,False,0,3733,0,0,False,True,True,True
M2,after_commit,10,lookback,15,0.05,3,1490,0,0,0,False,False,0,3856,0,0,False,True,True,True
M2,after_commit,10,lookback,15,0.05,4,1389,0,0,0,False,False,0,3594,0,0,False,True,True,True
M2,after_commit,10,lookback,15,0.05,5,1567,0,0,0,False,False,0,4124,0,0,False,True,True,True
M2,after_commit,10,lookback,15,0.05,6,1545,0,0,0,False,False,0,4017,0,0,False,True,True,True
M2,after_commit,10,lookback,15,0.05,7,1357,0,0,0,False,False,0,3479,0,0,False,True,True,True
M2,after_commit,10,lookback,15,0.05,8,1433,0,0,0,False,False,0,3682,0,0,False,True,True,True
M2,after_commit,10,lookback,15,0.05,9,1503,0,0,0,False,False,0,3961,0,0,False,True,True,True
M1,,10,lookback,15,0.05,0,1472,0,0,0,False,False,0,3698,0,0,False,False,True,True
M1,,10,lookback,15,0.05,1,1469,0,0,0,False,False,0,3721,0,0,False,False,True,True
M1,,10,lookback,15,0.05,2,1444,0,0,0,False,False,0,3637,0,0,False,False,True,True
M1,,10,lookback,15,0.05,3,1490,0,0,0,False,False,0,3766,0,0,False,False,True,True
M1,,10,lookback,15,0.05,4,1389,0,0,0,False,False,0,3477,0,0,False,False,True,True
M1,,10,lookback,15,0.05,5,1567,0,0,0,False,False,0,4005,0,0,False,False,True,True
M1,,10,lookback,15,0.05,6,1545,0,0,0,False,False,0,3901,0,0,False,False,True,True
M1,,10,lookback,15,0.05,7,1357,0,0,0,False,False,0,3367,0,0,False,False,True,True
M1,,10,lookback,15,0.05,8,1433,0,0,0,False,False,0,3592,0,0,False,False,True,True
M1,,10,lookback,15,0.05,9,1503,0,0,0,False,False,0,3824,0,0,False,False,True,True
M1,after_extract,10,lookback,15,0.05,0,1472,0,0,0,False,False,0,3901,0,0,False,True,True,True
M1,after_extract,10,lookback,15,0.05,1,1469,0,0,0,False,False,0,3881,0,0,False,True,True,True
M1,after_extract,10,lookback,15,0.05,2,1444,0,0,0,False,False,0,3812,0,0,False,True,True,True
M1,after_extract,10,lookback,15,0.05,3,1490,0,0,0,False,False,0,3936,0,0,False,True,True,True
M1,after_extract,10,lookback,15,0.05,4,1389,0,0,0,False,False,0,3658,0,0,False,True,True,True
M1,after_extract,10,lookback,15,0.05,5,1567,0,0,0,False,False,0,4212,0,0,False,True,True,True
M1,after_extract,10,lookback,15,0.05,6,1545,0,0,0,False,False,0,4079,0,0,False,True,True,True
M1,after_extract,10,lookback,15,0.05,7,1357,0,0,0,False,False,0,3525,0,0,False,True,True,True
M1,after_extract,10,lookback,15,0.05,8,1433,0,0,0,False,False,0,3737,0,0,False,True,True,True
M1,after_extract,10,lookback,15,0.05,9,1503,0,0,0,False,False,0,4070,0,0,False,True,True,True
M1,mid_data_txn,10,lookback,15,0.05,0,1472,0,0,0,False,False,0,3901,0,0,False,True,True,True
M1,mid_data_txn,10,lookback,15,0.05,1,1469,0,0,0,False,False,0,3881,0,0,False,True,True,True
M1,mid_data_txn,10,lookback,15,0.05,2,1444,0,0,0,False,False,0,3812,0,0,False,True,True,True
M1,mid_data_txn,10,lookback,15,0.05,3,1490,0,0,0,False,False,0,3936,0,0,False,True,True,True
M1,mid_data_txn,10,lookback,15,0.05,4,1389,0,0,0,False,False,0,3658,0,0,False,True,True,True
M1,mid_data_txn,10,lookback,15,0.05,5,1567,0,0,0,False,False,0,4212,0,0,False,True,True,True
M1,mid_data_txn,10,lookback,15,0.05,6,1545,0,0,0,False,False,0,4079,0,0,False,True,True,True
M1,mid_data_txn,10,lookback,15,0.05,7,1357,0,0,0,False,False,0,3525,0,0,False,True,True,True
M1,mid_data_txn,10,lookback,15,0.05,8,1433,0,0,0,False,False,0,3737,0,0,False,True,True,True
M1,mid_data_txn,10,lookback,15,0.05,9,1503,0,0,0,False,False,0,4070,0,0,False,True,True,True
M1,after_data_commit,10,lookback,15,0.05,0,1472,0,0,0,False,False,0,3901,0,0,False,True,True,True
M1,after_data_commit,10,lookback,15,0.05,1,1469,0,0,0,False,False,0,3881,0,0,False,True,True,True
M1,after_data_commit,10,lookback,15,0.05,2,1444,0,0,0,False,False,0,3812,0,0,False,True,True,True
M1,after_data_commit,10,lookback,15,0.05,3,1490,0,0,0,False,False,0,3936,0,0,False,True,True,True
M1,after_data_commit,10,lookback,15,0.05,4,1389,0,0,0,False,False,0,3658,0,0,False,True,True,True
M1,after_data_commit,10,lookback,15,0.05,5,1567,0,0,0,False,False,0,4212,0,0,False,True,True,True
M1,after_data_commit,10,lookback,15,0.05,6,1545,0,0,0,False,False,0,4079,0,0,False,True,True,True
M1,after_data_commit,10,lookback,15,0.05,7,1357,0,0,0,False,False,0,3525,0,0,False,True,True,True
M1,after_data_commit,10,lookback,15,0.05,8,1433,0,0,0,False,False,0,3737,0,0,False,True,True,True
M1,after_data_commit,10,lookback,15,0.05,9,1503,0,0,0,False,False,0,4070,0,0,False,True,True,True
M1,after_wm_commit,10,lookback,15,0.05,0,1472,0,0,0,False,False,0,3827,0,0,False,True,True,True
M1,after_wm_commit,10,lookback,15,0.05,1,1469,0,0,0,False,False,0,3840,0,0,False,True,True,True
M1,after_wm_commit,10,lookback,15,0.05,2,1444,0,0,0,False,False,0,3733,0,0,False,True,True,True
M1,after_wm_commit,10,lookback,15,0.05,3,1490,0,0,0,False,False,0,3856,0,0,False,True,True,True
M1,after_wm_commit,10,lookback,15,0.05,4,1389,0,0,0,False,False,0,3594,0,0,False,True,True,True
M1,after_wm_commit,10,lookback,15,0.05,5,1567,0,0,0,False,False,0,4124,0,0,False,True,True,True
M1,after_wm_commit,10,lookback,15,0.05,6,1545,0,0,0,False,False,0,4017,0,0,False,True,True,True
M1,after_wm_commit,10,lookback,15,0.05,7,1357,0,0,0,False,False,0,3479,0,0,False,True,True,True
M1,after_wm_commit,10,lookback,15,0.05,8,1433,0,0,0,False,False,0,3682,0,0,False,True,True,True
M1,after_wm_commit,10,lookback,15,0.05,9,1503,0,0,0,False,False,0,3961,0,0,False,True,True,True
A1,,10,lookback,15,0.05,0,1472,0,2226,0,False,False,2226,3698,0,0,False,False,False,True
A1,,10,lookback,15,0.05,1,1469,0,2252,0,False,False,2252,3721,0,0,False,False,False,True
A1,,10,lookback,15,0.05,2,1444,0,2193,0,False,False,2193,3637,0,0,False,False,False,True
A1,,10,lookback,15,0.05,3,1490,0,2276,0,False,False,2276,3766,0,0,False,False,False,True
A1,,10,lookback,15,0.05,4,1389,0,2088,0,False,False,2088,3477,0,0,False,False,False,True
A1,,10,lookback,15,0.05,5,1567,0,2438,0,False,False,2438,4005,0,0,False,False,False,True
A1,,10,lookback,15,0.05,6,1545,0,2356,0,False,False,2356,3901,0,0,False,False,False,True
A1,,10,lookback,15,0.05,7,1357,0,2010,0,False,False,2010,3367,0,0,False,False,False,True
A1,,10,lookback,15,0.05,8,1433,0,2159,0,False,False,2159,3592,0,0,False,False,False,True
A1,,10,lookback,15,0.05,9,1503,0,2321,0,False,False,2321,3824,0,0,False,False,False,True
A1,after_extract,10,lookback,15,0.05,0,1472,0,2226,0,False,False,2226,3901,843,0,False,True,False,False
A1,after_extract,10,lookback,15,0.05,1,1469,0,2252,0,False,False,2252,3881,812,0,False,True,False,False
A1,after_extract,10,lookback,15,0.05,2,1444,0,2193,0,False,False,2193,3812,767,0,False,True,False,False
A1,after_extract,10,lookback,15,0.05,3,1490,0,2276,0,False,False,2276,3936,869,0,False,True,False,False
A1,after_extract,10,lookback,15,0.05,4,1389,0,2088,0,False,False,2088,3658,774,0,False,True,False,False
A1,after_extract,10,lookback,15,0.05,5,1567,0,2438,0,False,False,2438,4212,896,0,False,True,False,False
A1,after_extract,10,lookback,15,0.05,6,1545,0,2356,0,False,False,2356,4079,798,0,False,True,False,False
A1,after_extract,10,lookback,15,0.05,7,1357,0,2010,0,False,False,2010,3525,676,0,False,True,False,False
A1,after_extract,10,lookback,15,0.05,8,1433,0,2159,0,False,False,2159,3737,835,0,False,True,False,False
A1,after_extract,10,lookback,15,0.05,9,1503,0,2321,0,False,False,2321,4070,830,0,False,True,False,False
A1,mid_data_txn,10,lookback,15,0.05,0,1472,0,2226,0,False,False,2226,3901,843,0,False,True,False,False
A1,mid_data_txn,10,lookback,15,0.05,1,1469,0,2252,0,False,False,2252,3881,812,0,False,True,False,False
A1,mid_data_txn,10,lookback,15,0.05,2,1444,0,2193,0,False,False,2193,3812,767,0,False,True,False,False
A1,mid_data_txn,10,lookback,15,0.05,3,1490,0,2276,0,False,False,2276,3936,869,0,False,True,False,False
A1,mid_data_txn,10,lookback,15,0.05,4,1389,0,2088,0,False,False,2088,3658,774,0,False,True,False,False
A1,mid_data_txn,10,lookback,15,0.05,5,1567,0,2438,0,False,False,2438,4212,896,0,False,True,False,False
A1,mid_data_txn,10,lookback,15,0.05,6,1545,0,2356,0,False,False,2356,4079,798,0,False,True,False,False
A1,mid_data_txn,10,lookback,15,0.05,7,1357,0,2010,0,False,False,2010,3525,676,0,False,True,False,False
A1,mid_data_txn,10,lookback,15,0.05,8,1433,0,2159,0,False,False,2159,3737,835,0,False,True,False,False
A1,mid_data_txn,10,lookback,15,0.05,9,1503,0,2321,0,False,False,2321,4070,830,0,False,True,False,False
A1,after_data_commit,10,lookback,15,0.05,0,1472,0,2429,0,False,False,2429,3901,946,0,False,True,False,False
A1,after_data_commit,10,lookback,15,0.05,1,1469,0,2412,0,False,False,2412,3881,882,0,False,True,False,False
A1,after_data_commit,10,lookback,15,0.05,2,1444,0,2368,0,False,False,2368,3812,868,0,False,True,False,False
A1,after_data_commit,10,lookback,15,0.05,3,1490,0,2446,0,False,False,2446,3936,966,0,False,True,False,False
A1,after_data_commit,10,lookback,15,0.05,4,1389,0,2269,0,False,False,2269,3658,866,0,False,True,False,False
A1,after_data_commit,10,lookback,15,0.05,5,1567,0,2645,0,False,False,2645,4212,1030,0,False,True,False,False
A1,after_data_commit,10,lookback,15,0.05,6,1545,0,2534,0,False,False,2534,4079,876,0,False,True,False,False
A1,after_data_commit,10,lookback,15,0.05,7,1357,0,2168,0,False,False,2168,3525,737,0,False,True,False,False
A1,after_data_commit,10,lookback,15,0.05,8,1433,0,2304,0,False,False,2304,3737,917,0,False,True,False,False
A1,after_data_commit,10,lookback,15,0.05,9,1503,0,2567,0,False,False,2567,4070,966,0,False,True,False,False
A1,after_wm_commit,10,lookback,15,0.05,0,1472,0,2355,0,False,False,2355,3827,946,0,False,True,False,False
A1,after_wm_commit,10,lookback,15,0.05,1,1469,0,2371,0,False,False,2371,3840,882,0,False,True,False,False
A1,after_wm_commit,10,lookback,15,0.05,2,1444,0,2289,0,False,False,2289,3733,868,0,False,True,False,False
A1,after_wm_commit,10,lookback,15,0.05,3,1490,0,2366,0,False,False,2366,3856,966,0,False,True,False,False
A1,after_wm_commit,10,lookback,15,0.05,4,1389,0,2205,0,False,False,2205,3594,866,0,False,True,False,False
A1,after_wm_commit,10,lookback,15,0.05,5,1567,0,2557,0,False,False,2557,4124,1030,0,False,True,False,False
A1,after_wm_commit,10,lookback,15,0.05,6,1545,0,2472,0,False,False,2472,4017,876,0,False,True,False,False
A1,after_wm_commit,10,lookback,15,0.05,7,1357,0,2122,0,False,False,2122,3479,737,0,False,True,False,False
A1,after_wm_commit,10,lookback,15,0.05,8,1433,0,2249,0,False,False,2249,3682,917,0,False,True,False,False
A1,after_wm_commit,10,lookback,15,0.05,9,1503,0,2458,0,False,False,2458,3961,966,0,False,True,False,False
P2,,10,gt,0,0.05,0,1472,38,0,0,False,False,0,2998,0,0,False,False,False,True
P2,,10,gt,0,0.05,1,1469,43,0,0,False,False,0,2996,0,0,False,False,False,True
P2,,10,gt,0,0.05,2,1444,48,0,0,False,False,0,2909,0,0,False,False,False,True
P2,,10,gt,0,0.05,3,1490,50,0,0,False,False,0,3039,0,0,False,False,False,True
P2,,10,gt,0,0.05,4,1389,23,0,0,False,False,0,2860,0,0,False,False,False,True
P2,,10,gt,0,0.05,5,1567,38,0,0,False,False,0,3188,0,0,False,False,False,True
P2,,10,gt,0,0.05,6,1545,58,0,0,False,False,0,3111,0,0,False,False,False,True
P2,,10,gt,0,0.05,7,1357,65,0,0,False,False,0,2728,0,0,False,False,False,True
P2,,10,gt,0,0.05,8,1433,52,0,0,False,False,0,2899,0,0,False,False,False,True
P2,,10,gt,0,0.05,9,1503,36,0,0,False,False,0,3155,0,0,False,False,False,True
P2,after_extract,10,gt,0,0.05,0,1472,38,0,0,False,False,0,3191,0,0,False,True,False,True
P2,after_extract,10,gt,0,0.05,1,1469,43,0,0,False,False,0,3180,0,0,False,True,False,True
P2,after_extract,10,gt,0,0.05,2,1444,48,0,0,False,False,0,3063,0,0,False,True,False,True
P2,after_extract,10,gt,0,0.05,3,1490,50,0,0,False,False,0,3189,0,0,False,True,False,True
P2,after_extract,10,gt,0,0.05,4,1389,23,0,0,False,False,0,3042,0,0,False,True,False,True
P2,after_extract,10,gt,0,0.05,5,1567,38,0,0,False,False,0,3353,0,0,False,True,False,True
P2,after_extract,10,gt,0,0.05,6,1545,58,0,0,False,False,0,3309,0,0,False,True,False,True
P2,after_extract,10,gt,0,0.05,7,1357,65,0,0,False,False,0,2920,0,0,False,True,False,True
P2,after_extract,10,gt,0,0.05,8,1433,52,0,0,False,False,0,3029,0,0,False,True,False,True
P2,after_extract,10,gt,0,0.05,9,1503,36,0,0,False,False,0,3368,0,0,False,True,False,True
P2,mid_txn,10,gt,0,0.05,0,1472,38,0,0,False,False,0,3191,0,0,False,True,False,True
P2,mid_txn,10,gt,0,0.05,1,1469,43,0,0,False,False,0,3180,0,0,False,True,False,True
P2,mid_txn,10,gt,0,0.05,2,1444,48,0,0,False,False,0,3063,0,0,False,True,False,True
P2,mid_txn,10,gt,0,0.05,3,1490,50,0,0,False,False,0,3189,0,0,False,True,False,True
P2,mid_txn,10,gt,0,0.05,4,1389,23,0,0,False,False,0,3042,0,0,False,True,False,True
P2,mid_txn,10,gt,0,0.05,5,1567,38,0,0,False,False,0,3353,0,0,False,True,False,True
P2,mid_txn,10,gt,0,0.05,6,1545,58,0,0,False,False,0,3309,0,0,False,True,False,True
P2,mid_txn,10,gt,0,0.05,7,1357,65,0,0,False,False,0,2920,0,0,False,True,False,True
P2,mid_txn,10,gt,0,0.05,8,1433,52,0,0,False,False,0,3029,0,0,False,True,False,True
P2,mid_txn,10,gt,0,0.05,9,1503,36,0,0,False,False,0,3368,0,0,False,True,False,True
P2,after_commit,10,gt,0,0.05,0,1472,38,0,0,False,False,0,2998,0,0,False,True,False,True
P2,after_commit,10,gt,0,0.05,1,1469,43,0,0,False,False,0,2996,0,0,False,True,False,True
P2,after_commit,10,gt,0,0.05,2,1444,48,0,0,False,False,0,2909,0,0,False,True,False,True
P2,after_commit,10,gt,0,0.05,3,1490,50,0,0,False,False,0,3039,0,0,False,True,False,True
P2,after_commit,10,gt,0,0.05,4,1389,23,0,0,False,False,0,2860,0,0,False,True,False,True
P2,after_commit,10,gt,0,0.05,5,1567,38,0,0,False,False,0,3188,0,0,False,True,False,True
P2,after_commit,10,gt,0,0.05,6,1545,58,0,0,False,False,0,3111,0,0,False,True,False,True
P2,after_commit,10,gt,0,0.05,7,1357,65,0,0,False,False,0,2728,0,0,False,True,False,True
P2,after_commit,10,gt,0,0.05,8,1433,52,0,0,False,False,0,2899,0,0,False,True,False,True
P2,after_commit,10,gt,0,0.05,9,1503,36,0,0,False,False,0,3155,0,0,False,True,False,True
P2,,10,lookback,15,0.05,0,1472,0,0,0,False,False,0,8283,0,0,False,False,True,True
P2,,10,lookback,15,0.05,1,1469,0,0,0,False,False,0,8314,0,0,False,False,True,True
P2,,10,lookback,15,0.05,2,1444,0,0,0,False,False,0,8109,0,0,False,False,True,True
P2,,10,lookback,15,0.05,3,1490,0,0,0,False,False,0,8392,0,0,False,False,True,True
P2,,10,lookback,15,0.05,4,1389,0,0,0,False,False,0,7808,0,0,False,False,True,True
P2,,10,lookback,15,0.05,5,1567,0,0,0,False,False,0,8884,0,0,False,False,True,True
P2,,10,lookback,15,0.05,6,1545,0,0,0,False,False,0,8701,0,0,False,False,True,True
P2,,10,lookback,15,0.05,7,1357,0,0,0,False,False,0,7588,0,0,False,False,True,True
P2,,10,lookback,15,0.05,8,1433,0,0,0,False,False,0,8020,0,0,False,False,True,True
P2,,10,lookback,15,0.05,9,1503,0,0,0,False,False,0,8488,0,0,False,False,True,True
P2,after_extract,10,lookback,15,0.05,0,1472,0,0,0,False,False,0,8739,0,0,False,True,True,True
P2,after_extract,10,lookback,15,0.05,1,1469,0,0,0,False,False,0,8682,0,0,False,True,True,True
P2,after_extract,10,lookback,15,0.05,2,1444,0,0,0,False,False,0,8496,0,0,False,True,True,True
P2,after_extract,10,lookback,15,0.05,3,1490,0,0,0,False,False,0,8766,0,0,False,True,True,True
P2,after_extract,10,lookback,15,0.05,4,1389,0,0,0,False,False,0,8206,0,0,False,True,True,True
P2,after_extract,10,lookback,15,0.05,5,1567,0,0,0,False,False,0,9346,0,0,False,True,True,True
P2,after_extract,10,lookback,15,0.05,6,1545,0,0,0,False,False,0,9108,0,0,False,True,True,True
P2,after_extract,10,lookback,15,0.05,7,1357,0,0,0,False,False,0,7960,0,0,False,True,True,True
P2,after_extract,10,lookback,15,0.05,8,1433,0,0,0,False,False,0,8347,0,0,False,True,True,True
P2,after_extract,10,lookback,15,0.05,9,1503,0,0,0,False,False,0,9037,0,0,False,True,True,True
P2,mid_txn,10,lookback,15,0.05,0,1472,0,0,0,False,False,0,8739,0,0,False,True,True,True
P2,mid_txn,10,lookback,15,0.05,1,1469,0,0,0,False,False,0,8682,0,0,False,True,True,True
P2,mid_txn,10,lookback,15,0.05,2,1444,0,0,0,False,False,0,8496,0,0,False,True,True,True
P2,mid_txn,10,lookback,15,0.05,3,1490,0,0,0,False,False,0,8766,0,0,False,True,True,True
P2,mid_txn,10,lookback,15,0.05,4,1389,0,0,0,False,False,0,8206,0,0,False,True,True,True
P2,mid_txn,10,lookback,15,0.05,5,1567,0,0,0,False,False,0,9346,0,0,False,True,True,True
P2,mid_txn,10,lookback,15,0.05,6,1545,0,0,0,False,False,0,9108,0,0,False,True,True,True
P2,mid_txn,10,lookback,15,0.05,7,1357,0,0,0,False,False,0,7960,0,0,False,True,True,True
P2,mid_txn,10,lookback,15,0.05,8,1433,0,0,0,False,False,0,8347,0,0,False,True,True,True
P2,mid_txn,10,lookback,15,0.05,9,1503,0,0,0,False,False,0,9037,0,0,False,True,True,True
P2,after_commit,10,lookback,15,0.05,0,1472,0,0,0,False,False,0,8580,0,0,False,True,True,True
P2,after_commit,10,lookback,15,0.05,1,1469,0,0,0,False,False,0,8577,0,0,False,True,True,True
P2,after_commit,10,lookback,15,0.05,2,1444,0,0,0,False,False,0,8345,0,0,False,True,True,True
P2,after_commit,10,lookback,15,0.05,3,1490,0,0,0,False,False,0,8618,0,0,False,True,True,True
P2,after_commit,10,lookback,15,0.05,4,1389,0,0,0,False,False,0,8089,0,0,False,True,True,True
P2,after_commit,10,lookback,15,0.05,5,1567,0,0,0,False,False,0,9162,0,0,False,True,True,True
P2,after_commit,10,lookback,15,0.05,6,1545,0,0,0,False,False,0,8972,0,0,False,True,True,True
P2,after_commit,10,lookback,15,0.05,7,1357,0,0,0,False,False,0,7851,0,0,False,True,True,True
P2,after_commit,10,lookback,15,0.05,8,1433,0,0,0,False,False,0,8233,0,0,False,True,True,True
P2,after_commit,10,lookback,15,0.05,9,1503,0,0,0,False,False,0,8824,0,0,False,True,True,True
