pattern,crash_point,crash_round,predicate,lookback,p_lag,seed,source_rows,lost,duplicates,phantoms,corrupt_final,stuck,storage_overhead,rows_read,rows_read_sched,exp_duplicates,exp_regression,exp_corrupt,crash_fired,guard,stall_point,zombie_fired,zombie_fenced,zombie_error,lat_mean,lat_p50,lat_p99,lat_max,final_ok,transient_ok,lag_dist
M2,,,gt,0,0.02,0,3013,57,0,0,False,False,0,2956,2956,0,0,False,False,none,,False,False,,4.385,4.0,9.0,9.0,False,True,uniform
M2,,,gt,0,0.02,1,3003,34,0,0,False,False,0,2969,2969,0,0,False,False,none,,False,False,,4.369,4.0,9.0,9.0,False,True,uniform
M2,,,gt,0,0.02,2,2924,35,0,0,False,False,0,2889,2889,0,0,False,False,none,,False,False,,4.438,4.0,9.0,9.0,False,True,uniform
M2,,,gt,0,0.02,3,2865,33,0,0,False,False,0,2832,2832,0,0,False,False,none,,False,False,,4.599,5.0,9.0,9.0,False,True,uniform
M2,,,gt,0,0.02,4,3000,35,0,0,False,False,0,2965,2965,0,0,False,False,none,,False,False,,4.435,4.0,9.0,9.0,False,True,uniform
M2,,,gt,0,0.02,5,3161,44,0,0,False,False,0,3117,3117,0,0,False,False,none,,False,False,,4.487,4.0,9.0,9.0,False,True,uniform
M2,,,gt,0,0.02,6,3038,43,0,0,False,False,0,2995,2995,0,0,False,False,none,,False,False,,4.342,4.0,9.0,9.0,False,True,uniform
M2,,,gt,0,0.02,7,2741,38,0,0,False,False,0,2703,2703,0,0,False,False,none,,False,False,,4.625,5.0,9.0,9.0,False,True,uniform
M2,,,gt,0,0.02,8,2809,33,0,0,False,False,0,2776,2776,0,0,False,False,none,,False,False,,4.382,4.0,9.0,9.0,False,True,uniform
M2,,,gt,0,0.02,9,3068,40,0,0,False,False,0,3028,3028,0,0,False,False,none,,False,False,,4.51,5.0,9.0,9.0,False,True,uniform
M2,,,gt,0,0.1,0,3078,181,0,0,False,False,0,2897,2897,0,0,False,False,none,,False,False,,4.405,4.0,9.0,9.0,False,True,uniform
M2,,,gt,0,0.1,1,2979,226,0,0,False,False,0,2753,2753,0,0,False,False,none,,False,False,,4.338,4.0,9.0,9.0,False,True,uniform
M2,,,gt,0,0.1,2,2976,212,0,0,False,False,0,2764,2764,0,0,False,False,none,,False,False,,4.493,5.0,9.0,9.0,False,True,uniform
M2,,,gt,0,0.1,3,2991,222,0,0,False,False,0,2769,2769,0,0,False,False,none,,False,False,,4.419,5.0,9.0,9.0,False,True,uniform
M2,,,gt,0,0.1,4,3064,203,0,0,False,False,0,2861,2861,0,0,False,False,none,,False,False,,4.399,4.0,9.0,9.0,False,True,uniform
M2,,,gt,0,0.1,5,3077,221,0,0,False,False,0,2856,2856,0,0,False,False,none,,False,False,,4.404,4.0,9.0,9.0,False,True,uniform
M2,,,gt,0,0.1,6,3163,260,0,0,False,False,0,2903,2903,0,0,False,False,none,,False,False,,4.392,4.0,9.0,9.0,False,True,uniform
M2,,,gt,0,0.1,7,2758,220,0,0,False,False,0,2538,2538,0,0,False,False,none,,False,False,,4.437,4.0,9.0,9.0,False,True,uniform
M2,,,gt,0,0.1,8,2807,179,0,0,False,False,0,2628,2628,0,0,False,False,none,,False,False,,4.33,4.0,9.0,9.0,False,True,uniform
M2,,,gt,0,0.1,9,2960,181,0,0,False,False,0,2779,2779,0,0,False,False,none,,False,False,,4.394,4.0,9.0,9.0,False,True,uniform
M2,,,gt,0,0.02,0,3096,32,0,0,False,False,0,3064,3064,0,0,False,False,none,,False,False,,4.518,4.0,9.0,9.0,False,True,lognormal
M2,,,gt,0,0.02,1,2998,42,0,0,False,False,0,2956,2956,0,0,False,False,none,,False,False,,4.646,5.0,9.0,9.0,False,True,lognormal
M2,,,gt,0,0.02,2,2918,34,0,0,False,False,0,2884,2884,0,0,False,False,none,,False,False,,4.519,4.0,9.0,9.0,False,True,lognormal
M2,,,gt,0,0.02,3,2900,28,0,0,False,False,0,2872,2872,0,0,False,False,none,,False,False,,4.437,4.0,9.0,9.0,False,True,lognormal
M2,,,gt,0,0.02,4,3068,20,0,0,False,False,0,3048,3048,0,0,False,False,none,,False,False,,4.575,5.0,9.0,9.0,False,True,lognormal
M2,,,gt,0,0.02,5,3228,34,0,0,False,False,0,3194,3194,0,0,False,False,none,,False,False,,4.484,4.0,9.0,9.0,False,True,lognormal
M2,,,gt,0,0.02,6,3026,35,0,0,False,False,0,2991,2991,0,0,False,False,none,,False,False,,4.505,5.0,9.0,9.0,False,True,lognormal
M2,,,gt,0,0.02,7,2791,31,0,0,False,False,0,2760,2760,0,0,False,False,none,,False,False,,4.385,4.0,9.0,9.0,False,True,lognormal
M2,,,gt,0,0.02,8,2824,14,0,0,False,False,0,2810,2810,0,0,False,False,none,,False,False,,4.648,5.0,9.0,9.0,False,True,lognormal
M2,,,gt,0,0.02,9,3119,39,0,0,False,False,0,3080,3080,0,0,False,False,none,,False,False,,4.446,4.0,9.0,9.0,False,True,lognormal
M2,,,gt,0,0.1,0,3127,120,0,0,False,False,0,3007,3007,0,0,False,False,none,,False,False,,4.567,5.0,9.0,9.0,False,True,lognormal
M2,,,gt,0,0.1,1,2992,168,0,0,False,False,0,2824,2824,0,0,False,False,none,,False,False,,4.495,4.0,9.0,9.0,False,True,lognormal
M2,,,gt,0,0.1,2,2843,116,0,0,False,False,0,2727,2727,0,0,False,False,none,,False,False,,4.337,4.0,9.0,9.0,False,True,lognormal
M2,,,gt,0,0.1,3,2863,155,0,0,False,False,0,2708,2708,0,0,False,False,none,,False,False,,4.334,4.0,9.0,9.0,False,True,lognormal
M2,,,gt,0,0.1,4,2967,155,0,0,False,False,0,2812,2812,0,0,False,False,none,,False,False,,4.42,4.0,9.0,9.0,False,True,lognormal
M2,,,gt,0,0.1,5,3046,178,0,0,False,False,0,2868,2868,0,0,False,False,none,,False,False,,4.4,4.0,9.0,9.0,False,True,lognormal
M2,,,gt,0,0.1,6,3016,164,0,0,False,False,0,2852,2852,0,0,False,False,none,,False,False,,4.531,5.0,9.0,9.0,False,True,lognormal
M2,,,gt,0,0.1,7,2669,137,0,0,False,False,0,2532,2529,0,0,False,False,none,,False,False,,4.439,4.0,9.0,9.0,False,True,lognormal
M2,,,gt,0,0.1,8,2817,141,0,0,False,False,0,2676,2676,0,0,False,False,none,,False,False,,4.461,4.0,9.0,9.0,False,True,lognormal
M2,,,gt,0,0.1,9,2971,142,0,0,False,False,0,2829,2829,0,0,False,False,none,,False,False,,4.349,4.0,9.0,9.0,False,True,lognormal
M2,,,gt,0,0.02,0,2995,11,0,0,False,False,0,2984,2984,0,0,False,False,none,,False,False,,4.433,4.0,9.0,9.0,False,True,pareto
M2,,,gt,0,0.02,1,3001,23,0,0,False,False,0,2978,2978,0,0,False,False,none,,False,False,,4.419,4.0,9.0,9.0,False,True,pareto
M2,,,gt,0,0.02,2,2848,15,0,0,False,False,0,2833,2833,0,0,False,False,none,,False,False,,4.377,4.0,9.0,9.0,False,True,pareto
M2,,,gt,0,0.02,3,2890,16,0,0,False,False,0,2874,2874,0,0,False,False,none,,False,False,,4.497,5.0,9.0,9.0,False,True,pareto
M2,,,gt,0,0.02,4,3033,15,0,0,False,False,0,3018,3018,0,0,False,False,none,,False,False,,4.471,5.0,9.0,9.0,False,True,pareto
M2,,,gt,0,0.02,5,3160,23,0,0,False,False,0,3137,3137,0,0,False,False,none,,False,False,,4.491,4.0,9.0,9.0,False,True,pareto
M2,,,gt,0,0.02,6,3031,9,0,0,False,False,0,3022,3022,0,0,False,False,none,,False,False,,4.359,4.0,9.0,9.0,False,True,pareto
M2,,,gt,0,0.02,7,2729,19,0,0,False,False,0,2710,2710,0,0,False,False,none,,False,False,,4.29,4.0,9.0,9.0,False,True,pareto
M2,,,gt,0,0.02,8,2840,28,0,0,False,False,0,2812,2812,0,0,False,False,none,,False,False,,4.596,5.0,9.0,9.0,False,True,pareto
M2,,,gt,0,0.02,9,3029,15,0,0,False,False,0,3014,3014,0,0,False,False,none,,False,False,,4.497,4.0,9.0,9.0,False,True,pareto
M2,,,gt,0,0.1,0,2999,84,0,0,False,False,0,2915,2915,0,0,False,False,none,,False,False,,4.459,5.0,9.0,9.0,False,True,pareto
M2,,,gt,0,0.1,1,2926,134,0,0,False,False,0,2792,2792,0,0,False,False,none,,False,False,,4.321,4.0,9.0,9.0,False,True,pareto
M2,,,gt,0,0.1,2,2908,78,0,0,False,False,0,2830,2830,0,0,False,False,none,,False,False,,4.419,4.0,9.0,9.0,False,True,pareto
M2,,,gt,0,0.1,3,2948,126,0,0,False,False,0,2822,2822,0,0,False,False,none,,False,False,,4.373,4.0,9.0,9.0,False,True,pareto
M2,,,gt,0,0.1,4,3092,117,0,0,False,False,0,2975,2975,0,0,False,False,none,,False,False,,4.488,4.0,9.0,9.0,False,True,pareto
M2,,,gt,0,0.1,5,3064,94,0,0,False,False,0,2970,2968,0,0,False,False,none,,False,False,,4.356,4.0,9.0,9.0,False,True,pareto
M2,,,gt,0,0.1,6,3161,122,0,0,False,False,0,3039,3039,0,0,False,False,none,,False,False,,4.277,4.0,9.0,9.0,False,True,pareto
M2,,,gt,0,0.1,7,2699,112,0,0,False,False,0,2587,2587,0,0,False,False,none,,False,False,,4.532,5.0,9.0,9.0,False,True,pareto
M2,,,gt,0,0.1,8,2873,83,0,0,False,False,0,2790,2790,0,0,False,False,none,,False,False,,4.449,4.0,9.0,9.0,False,True,pareto
M2,,,gt,0,0.1,9,3005,77,0,0,False,False,0,2928,2928,0,0,False,False,none,,False,False,,4.601,5.0,9.0,9.0,False,True,pareto
M2,,,lookback,15,0.02,0,3013,0,0,0,False,False,0,10652,7385,0,0,False,False,none,,False,False,,4.407,4.0,9.0,9.0,True,True,uniform
M2,,,lookback,15,0.02,1,3003,0,0,0,False,False,0,10055,7448,0,0,False,False,none,,False,False,,4.384,4.0,9.0,9.0,True,True,uniform
M2,,,lookback,15,0.02,2,2924,0,0,0,False,False,0,10248,7181,0,0,False,False,none,,False,False,,4.437,4.0,9.0,9.0,True,True,uniform
M2,,,lookback,15,0.02,3,2865,0,0,0,False,False,0,10791,6963,0,0,False,False,none,,False,False,,4.615,5.0,9.0,9.0,True,True,uniform
M2,,,lookback,15,0.02,4,3000,0,0,0,False,False,0,10554,7353,0,0,False,False,none,,False,False,,4.452,4.0,9.0,9.0,True,True,uniform
M2,,,lookback,15,0.02,5,3161,0,0,0,False,False,0,11192,7727,0,0,False,False,none,,False,False,,4.48,4.0,9.0,9.0,True,True,uniform
M2,,,lookback,15,0.02,6,3038,0,0,0,False,False,0,11247,7485,0,0,False,False,none,,False,False,,4.35,4.0,9.0,9.0,True,True,uniform
M2,,,lookback,15,0.02,7,2741,0,0,0,False,False,0,10119,6588,0,0,False,False,none,,False,False,,4.641,5.0,9.0,9.0,True,True,uniform
M2,,,lookback,15,0.02,8,2809,0,0,0,False,False,0,9802,6931,0,0,False,False,none,,False,False,,4.4,4.0,9.0,9.0,True,True,uniform
M2,,,lookback,15,0.02,9,3068,0,0,0,False,False,0,10617,7482,0,0,False,False,none,,False,False,,4.528,5.0,9.0,9.0,True,True,uniform
M2,,,lookback,15,0.1,0,3078,0,0,0,False,False,0,10849,7417,0,0,False,False,none,,False,False,,4.449,4.0,9.0,9.0,True,True,uniform
M2,,,lookback,15,0.1,1,2979,0,0,0,False,False,0,10794,7134,0,0,False,False,none,,False,False,,4.408,4.0,9.0,9.0,True,True,uniform
M2,,,lookback,15,0.1,2,2976,0,0,0,False,False,0,10167,6999,0,0,False,False,none,,False,False,,4.6,5.0,9.0,9.0,True,True,uniform
M2,,,lookback,15,0.1,3,2991,0,0,0,False,False,0,10759,7063,0,0,False,False,none,,False,False,,4.499,5.0,9.0,9.0,True,True,uniform
M2,,,lookback,15,0.1,4,3064,0,0,0,False,False,0,11558,7334,0,0,False,False,none,,False,False,,4.48,4.0,9.0,9.0,True,True,uniform
M2,,,lookback,15,0.1,5,3077,0,0,0,False,False,0,11928,7341,0,0,False,False,none,,False,False,,4.437,4.0,9.0,9.0,True,True,uniform
M2,,,lookback,15,0.1,6,3163,0,0,0,False,False,0,11984,7529,0,0,False,False,none,,False,False,,4.456,4.0,9.0,9.0,True,True,uniform
M2,,,lookback,15,0.1,7,2758,0,0,0,False,False,0,9464,6596,0,0,False,False,none,,False,False,,4.52,4.0,9.0,9.0,True,True,uniform
M2,,,lookback,15,0.1,8,2807,0,0,0,False,False,0,9716,6812,0,0,False,False,none,,False,False,,4.405,4.0,9.0,9.0,True,True,uniform
M2,,,lookback,15,0.1,9,2960,0,0,0,False,False,0,10915,7091,0,0,False,False,none,,False,False,,4.458,5.0,9.0,9.0,True,True,uniform
M2,,,lookback,15,0.02,0,3096,7,0,0,False,False,0,11074,7543,0,0,False,False,none,,False,False,,4.532,5.0,9.0,9.0,False,True,lognormal
M2,,,lookback,15,0.02,1,2998,4,0,0,False,False,0,9939,7269,0,0,False,False,none,,False,False,,4.672,5.0,9.0,9.0,False,True,lognormal
M2,,,lookback,15,0.02,2,2918,2,0,0,False,False,0,10043,7139,0,0,False,False,none,,False,False,,4.535,5.0,9.0,9.0,False,True,lognormal
M2,,,lookback,15,0.02,3,2900,4,0,0,False,False,0,11081,7088,0,0,False,False,none,,False,False,,4.467,4.0,9.0,9.0,False,True,lognormal
M2,,,lookback,15,0.02,4,3068,3,0,0,False,False,0,11311,7417,0,0,False,False,none,,False,False,,4.577,5.0,9.0,9.0,False,True,lognormal
M2,,,lookback,15,0.02,5,3228,3,0,0,False,False,0,12559,7873,0,0,False,False,none,,False,False,,4.5,4.0,9.0,9.0,False,True,lognormal
M2,,,lookback,15,0.02,6,3026,5,0,0,False,False,0,10705,7405,0,0,False,False,none,,False,False,,4.52,5.0,9.0,9.0,False,True,lognormal
M2,,,lookback,15,0.02,7,2791,1,0,0,False,False,0,10651,6856,0,0,False,False,none,,False,False,,4.38,4.0,9.0,9.0,False,True,lognormal
M2,,,lookback,15,0.02,8,2824,1,0,0,False,False,0,10165,6865,0,0,False,False,none,,False,False,,4.645,5.0,9.0,9.0,False,True,lognormal
M2,,,lookback,15,0.02,9,3119,0,0,0,False,False,0,11812,7588,0,0,False,False,none,,False,False,,4.46,4.0,9.0,9.0,True,True,lognormal
M2,,,lookback,15,0.1,0,3127,26,0,0,False,False,0,12264,7380,0,0,False,False,none,,False,False,,4.603,5.0,9.0,9.0,False,True,lognormal
M2,,,lookback,15,0.1,1,2992,10,0,0,False,False,0,10437,7179,0,0,False,False,none,,False,False,,4.576,5.0,9.0,9.0,False,True,lognormal
M2,,,lookback,15,0.1,2,2843,5,0,0,False,False,0,9955,6886,0,0,False,False,none,,False,False,,4.427,4.0,9.0,9.0,False,True,lognormal
M2,,,lookback,15,0.1,3,2863,10,0,0,False,False,0,10507,6877,0,0,False,False,none,,False,False,,4.456,4.0,9.0,9.0,False,True,lognormal
M2,,,lookback,15,0.1,4,2967,17,0,0,False,False,0,10733,7070,0,0,False,False,none,,False,False,,4.481,5.0,9.0,9.0,False,True,lognormal
M2,,,lookback,15,0.1,5,3046,20,0,0,False,False,0,11120,7226,0,0,False,False,none,,False,False,,4.487,5.0,9.0,9.0,False,True,lognormal
M2,,,lookback,15,0.1,6,3016,23,0,0,False,False,0,10899,7139,0,0,False,False,none,,False,False,,4.613,5.0,9.0,9.0,False,True,lognormal
M2,,,lookback,15,0.1,7,2669,15,0,0,False,False,0,9548,6377,0,0,False,False,none,,False,False,,4.488,4.0,9.0,9.0,False,True,lognormal
M2,,,lookback,15,0.1,8,2817,7,0,0,False,False,0,9950,6749,0,0,False,False,none,,False,False,,4.539,5.0,9.0,9.0,False,True,lognormal
M2,,,lookback,15,0.1,9,2971,14,0,0,False,False,0,11734,7114,0,0,False,False,none,,False,False,,4.414,4.0,9.0,9.0,False,True,lognormal
M2,,,lookback,15,0.02,0,2995,0,0,0,False,False,0,10451,7415,0,0,False,False,none,,False,False,,4.439,4.0,9.0,9.0,True,True,pareto
M2,,,lookback,15,0.02,1,3001,0,0,0,False,False,0,10130,7457,0,0,False,False,none,,False,False,,4.442,4.0,9.0,9.0,True,True,pareto
M2,,,lookback,15,0.02,2,2848,0,0,0,False,False,0,10473,7008,0,0,False,False,none,,False,False,,4.384,4.0,9.0,9.0,True,True,pareto
M2,,,lookback,15,0.02,3,2890,0,0,0,False,False,0,10884,7056,0,0,False,False,none,,False,False,,4.517,5.0,9.0,9.0,True,True,pareto
M2,,,lookback,15,0.02,4,3033,3,0,0,False,False,0,11538,7380,0,0,False,False,none,,False,False,,4.483,5.0,9.0,9.0,False,True,pareto
M2,,,lookback,15,0.02,5,3160,8,0,0,False,False,0,10690,7819,0,0,False,False,none,,False,False,,4.501,4.0,9.0,9.0,False,True,pareto
M2,,,lookback,15,0.02,6,3031,4,0,0,False,False,0,10711,7510,0,0,False,False,none,,False,False,,4.365,4.0,9.0,9.0,False,True,pareto
M2,,,lookback,15,0.02,7,2729,0,0,0,False,False,0,10488,6792,0,0,False,False,none,,False,False,,4.308,4.0,9.0,9.0,True,True,pareto
M2,,,lookback,15,0.02,8,2840,0,0,0,False,False,0,10130,6929,0,0,False,False,none,,False,False,,4.623,5.0,9.0,9.0,True,True,pareto
M2,,,lookback,15,0.02,9,3029,0,0,0,False,False,0,10843,7477,0,0,False,False,none,,False,False,,4.511,4.0,9.0,9.0,True,True,pareto
M2,,,lookback,15,0.1,0,2999,3,0,0,False,False,0,10285,7249,0,0,False,False,none,,False,False,,4.522,5.0,9.0,9.0,False,True,pareto
M2,,,lookback,15,0.1,1,2926,19,0,0,False,False,0,10068,7131,0,0,False,False,none,,False,False,,4.432,4.0,9.0,9.0,False,True,pareto
M2,,,lookback,15,0.1,2,2908,11,0,0,False,False,0,10191,7089,0,0,False,False,none,,False,False,,4.49,4.0,9.0,9.0,False,True,pareto
M2,,,lookback,15,0.1,3,2948,9,0,0,False,False,0,10842,7113,0,0,False,False,none,,False,False,,4.475,4.0,9.0,9.0,False,True,pareto
M2,,,lookback,15,0.1,4,3092,10,0,0,False,False,0,11591,7433,0,0,False,False,none,,False,False,,4.576,4.0,9.0,9.0,False,True,pareto
M2,,,lookback,15,0.1,5,3064,13,0,0,False,False,0,10922,7416,0,0,False,False,none,,False,False,,4.429,4.0,9.0,9.0,False,True,pareto
M2,,,lookback,15,0.1,6,3161,3,0,0,False,False,0,11679,7719,0,0,False,False,none,,False,False,,4.397,4.0,9.0,9.0,False,True,pareto
M2,,,lookback,15,0.1,7,2699,9,0,0,False,False,0,10845,6390,0,0,False,False,none,,False,False,,4.634,5.0,9.0,9.0,False,True,pareto
M2,,,lookback,15,0.1,8,2873,6,0,0,False,False,0,10099,6964,0,0,False,False,none,,False,False,,4.526,4.0,9.0,9.0,False,True,pareto
M2,,,lookback,15,0.1,9,3005,12,0,0,False,False,0,11427,7236,0,0,False,False,none,,False,False,,4.669,5.0,9.0,9.0,False,True,pareto
M2,,,lookback,30,0.02,0,3013,0,0,0,False,False,0,18751,11557,0,0,False,False,none,,False,False,,4.407,4.0,9.0,9.0,True,True,uniform
M2,,,lookback,30,0.02,1,3003,0,0,0,False,False,0,17537,11663,0,0,False,False,none,,False,False,,4.384,4.0,9.0,9.0,True,True,uniform
M2,,,lookback,30,0.02,2,2924,0,0,0,False,False,0,18255,11294,0,0,False,False,none,,False,False,,4.437,4.0,9.0,9.0,True,True,uniform
M2,,,lookback,30,0.02,3,2865,0,0,0,False,False,0,19126,10975,0,0,False,False,none,,False,False,,4.615,5.0,9.0,9.0,True,True,uniform
M2,,,lookback,30,0.02,4,3000,0,0,0,False,False,0,18708,11547,0,0,False,False,none,,False,False,,4.452,4.0,9.0,9.0,True,True,uniform
M2,,,lookback,30,0.02,5,3161,0,0,0,False,False,0,19737,12147,0,0,False,False,none,,False,False,,4.48,4.0,9.0,9.0,True,True,uniform
M2,,,lookback,30,0.02,6,3038,0,0,0,False,False,0,19714,11629,0,0,False,False,none,,False,False,,4.35,4.0,9.0,9.0,True,True,uniform
M2,,,lookback,30,0.02,7,2741,0,0,0,False,False,0,17167,10534,0,0,False,False,none,,False,False,,4.641,5.0,9.0,9.0,True,True,uniform
M2,,,lookback,30,0.02,8,2809,0,0,0,False,False,0,16969,10864,0,0,False,False,none,,False,False,,4.4,4.0,9.0,9.0,True,True,uniform
M2,,,lookback,30,0.02,9,3068,0,0,0,False,False,0,18889,11827,0,0,False,False,none,,False,False,,4.528,5.0,9.0,9.0,True,True,uniform
M2,,,lookback,30,0.1,0,3078,0,0,0,False,False,0,19608,11655,0,0,False,False,none,,False,False,,4.449,4.0,9.0,9.0,True,True,uniform
M2,,,lookback,30,0.1,1,2979,0,0,0,False,False,0,17296,11293,0,0,False,False,none,,False,False,,4.408,4.0,9.0,9.0,True,True,uniform
M2,,,lookback,30,0.1,2,2976,0,0,0,False,False,0,17618,11282,0,0,False,False,none,,False,False,,4.6,5.0,9.0,9.0,True,True,uniform
M2,,,lookback,30,0.1,3,2991,0,0,0,False,False,0,18923,11300,0,0,False,False,none,,False,False,,4.499,5.0,9.0,9.0,True,True,uniform
M2,,,lookback,30,0.1,4,3064,0,0,0,False,False,0,19540,11587,0,0,False,False,none,,False,False,,4.48,4.0,9.0,9.0,True,True,uniform
M2,,,lookback,30,0.1,5,3077,0,0,0,False,False,0,18789,11595,0,0,False,False,none,,False,False,,4.437,4.0,9.0,9.0,True,True,uniform
M2,,,lookback,30,0.1,6,3163,0,0,0,False,False,0,19964,11879,0,0,False,False,none,,False,False,,4.456,4.0,9.0,9.0,True,True,uniform
M2,,,lookback,30,0.1,7,2758,0,0,0,False,False,0,16735,10402,0,0,False,False,none,,False,False,,4.52,4.0,9.0,9.0,True,True,uniform
M2,,,lookback,30,0.1,8,2807,0,0,0,False,False,0,16959,10689,0,0,False,False,none,,False,False,,4.405,4.0,9.0,9.0,True,True,uniform
M2,,,lookback,30,0.1,9,2960,0,0,0,False,False,0,18316,11225,0,0,False,False,none,,False,False,,4.458,5.0,9.0,9.0,True,True,uniform
M2,,,lookback,30,0.02,0,3096,7,0,0,False,False,0,18298,11929,0,0,False,False,none,,False,False,,4.532,5.0,9.0,9.0,False,True,lognormal
M2,,,lookback,30,0.02,1,2998,0,0,0,False,False,0,16979,11636,0,0,False,False,none,,False,False,,4.67,5.0,9.0,9.0,True,True,lognormal
M2,,,lookback,30,0.02,2,2918,0,0,0,False,False,0,17535,11265,0,0,False,False,none,,False,False,,4.537,5.0,9.0,9.0,True,True,lognormal
M2,,,lookback,30,0.02,3,2900,4,0,0,False,False,0,19273,11089,0,0,False,False,none,,False,False,,4.467,4.0,9.0,9.0,False,True,lognormal
M2,,,lookback,30,0.02,4,3068,0,0,0,False,False,0,18756,11793,0,0,False,False,none,,False,False,,4.578,5.0,9.0,9.0,True,True,lognormal
M2,,,lookback,30,0.02,5,3228,0,0,0,False,False,0,20552,12368,0,0,False,False,none,,False,False,,4.497,4.0,9.0,9.0,True,True,lognormal
M2,,,lookback,30,0.02,6,3026,3,0,0,False,False,0,19061,11669,0,0,False,False,none,,False,False,,4.519,5.0,9.0,9.0,False,True,lognormal
M2,,,lookback,30,0.02,7,2791,0,0,0,False,False,0,17920,10693,0,0,False,False,none,,False,False,,4.38,4.0,9.0,9.0,True,True,lognormal
M2,,,lookback,30,0.02,8,2824,0,0,0,False,False,0,17018,10913,0,0,False,False,none,,False,False,,4.646,5.0,9.0,9.0,True,True,lognormal
M2,,,lookback,30,0.02,9,3119,0,0,0,False,False,0,19099,11971,0,0,False,False,none,,False,False,,4.46,4.0,9.0,9.0,True,True,lognormal
M2,,,lookback,30,0.1,0,3127,8,0,0,False,False,0,20235,11820,0,0,False,False,none,,False,False,,4.619,5.0,9.0,9.0,False,True,lognormal
M2,,,lookback,30,0.1,1,2992,4,0,0,False,False,0,17816,11357,0,0,False,False,none,,False,False,,4.573,5.0,9.0,9.0,False,True,lognormal
M2,,,lookback,30,0.1,2,2843,4,0,0,False,False,0,16863,10890,0,0,False,False,none,,False,False,,4.428,4.0,9.0,9.0,False,True,lognormal
M2,,,lookback,30,0.1,3,2863,0,0,0,False,False,0,18260,10835,0,0,False,False,none,,False,False,,4.46,4.0,9.0,9.0,True,True,lognormal
M2,,,lookback,30,0.1,4,2967,9,0,0,False,False,0,18229,11233,0,0,False,False,none,,False,False,,4.479,5.0,9.0,9.0,False,True,lognormal
M2,,,lookback,30,0.1,5,3046,1,0,0,False,False,0,19338,11517,0,0,False,False,none,,False,False,,4.5,5.0,9.0,9.0,False,True,lognormal
M2,,,lookback,30,0.1,6,3016,4,0,0,False,False,0,18416,11422,0,0,False,False,none,,False,False,,4.608,5.0,9.0,9.0,False,True,lognormal
M2,,,lookback,30,0.1,7,2669,10,0,0,False,False,0,16771,10096,0,0,False,False,none,,False,False,,4.486,4.0,9.0,9.0,False,True,lognormal
M2,,,lookback,30,0.1,8,2817,4,0,0,False,False,0,16872,10734,0,0,False,False,none,,False,False,,4.537,5.0,9.0,9.0,False,True,lognormal
M2,,,lookback,30,0.1,9,2971,3,0,0,False,False,0,18302,11273,0,0,False,False,none,,False,False,,4.425,4.0,9.0,9.0,False,True,lognormal
M2,,,lookback,30,0.02,0,2995,0,0,0,False,False,0,18680,11585,0,0,False,False,none,,False,False,,4.439,4.0,9.0,9.0,True,True,pareto
M2,,,lookback,30,0.02,1,3001,0,0,0,False,False,0,17682,11643,0,0,False,False,none,,False,False,,4.442,4.0,9.0,9.0,True,True,pareto
M2,,,lookback,30,0.02,2,2848,0,0,0,False,False,0,18404,10979,0,0,False,False,none,,False,False,,4.384,4.0,9.0,9.0,True,True,pareto
M2,,,lookback,30,0.02,3,2890,0,0,0,False,False,0,18540,11115,0,0,False,False,none,,False,False,,4.517,5.0,9.0,9.0,True,True,pareto
M2,,,lookback,30,0.02,4,3033,0,0,0,False,False,0,19515,11661,0,0,False,False,none,,False,False,,4.479,5.0,9.0,9.0,True,True,pareto
M2,,,lookback,30,0.02,5,3160,2,0,0,False,False,0,19258,12229,0,0,False,False,none,,False,False,,4.506,4.0,9.0,9.0,False,True,pareto
M2,,,lookback,30,0.02,6,3031,0,0,0,False,False,0,19360,11671,0,0,False,False,none,,False,False,,4.368,4.0,9.0,9.0,True,True,pareto
M2,,,lookback,30,0.02,7,2729,0,0,0,False,False,0,17484,10488,0,0,False,False,none,,False,False,,4.308,4.0,9.0,9.0,True,True,pareto
M2,,,lookback,30,0.02,8,2840,0,0,0,False,False,0,17082,11010,0,0,False,False,none,,False,False,,4.623,5.0,9.0,9.0,True,True,pareto
M2,,,lookback,30,0.02,9,3029,0,0,0,False,False,0,18620,11723,0,0,False,False,none,,False,False,,4.511,4.0,9.0,9.0,True,True,pareto
M2,,,lookback,30,0.1,0,2999,3,0,0,False,False,0,18592,11497,0,0,False,False,none,,False,False,,4.522,5.0,9.0,9.0,False,True,pareto
M2,,,lookback,30,0.1,1,2926,11,0,0,False,False,0,16685,11240,0,0,False,False,none,,False,False,,4.426,4.0,9.0,9.0,False,True,pareto
M2,,,lookback,30,0.1,2,2908,3,0,0,False,False,0,17826,11127,0,0,False,False,none,,False,False,,4.498,4.0,9.0,9.0,False,True,pareto
M2,,,lookback,30,0.1,3,2948,5,0,0,False,False,0,18739,11182,0,0,False,False,none,,False,False,,4.473,4.0,9.0,9.0,False,True,pareto
M2,,,lookback,30,0.1,4,3092,3,0,0,False,False,0,20240,11726,0,0,False,False,none,,False,False,,4.584,4.0,9.0,9.0,False,True,pareto
M2,,,lookback,30,0.1,5,3064,11,0,0,False,False,0,18781,11713,0,0,False,False,none,,False,False,,4.426,4.0,9.0,9.0,False,True,pareto
M2,,,lookback,30,0.1,6,3161,3,0,0,False,False,0,19432,12073,0,0,False,False,none,,False,False,,4.397,4.0,9.0,9.0,False,True,pareto
M2,,,lookback,30,0.1,7,2699,5,0,0,False,False,0,17866,10177,0,0,False,False,none,,False,False,,4.639,5.0,9.0,9.0,False,True,pareto
M2,,,lookback,30,0.1,8,2873,2,0,0,False,False,0,17527,11026,0,0,False,False,none,,False,False,,4.522,4.0,9.0,9.0,False,True,pareto
M2,,,lookback,30,0.1,9,3005,7,0,0,False,False,0,19084,11461,0,0,False,False,none,,False,False,,4.67,5.0,9.0,9.0,False,True,pareto
M2,,,lookback,60,0.02,0,3013,0,0,0,False,False,0,33162,19566,0,0,False,False,none,,False,False,,4.407,4.0,9.0,9.0,True,True,uniform
M2,,,lookback,60,0.02,1,3003,0,0,0,False,False,0,33052,19720,0,0,False,False,none,,False,False,,4.384,4.0,9.0,9.0,True,True,uniform
M2,,,lookback,60,0.02,2,2924,0,0,0,False,False,0,34816,18912,0,0,False,False,none,,False,False,,4.437,4.0,9.0,9.0,True,True,uniform
M2,,,lookback,60,0.02,3,2865,0,0,0,False,False,0,35141,18311,0,0,False,False,none,,False,False,,4.615,5.0,9.0,9.0,True,True,uniform
M2,,,lookback,60,0.02,4,3000,0,0,0,False,False,0,34462,19414,0,0,False,False,none,,False,False,,4.452,4.0,9.0,9.0,True,True,uniform
M2,,,lookback,60,0.02,5,3161,0,0,0,False,False,0,35376,20493,0,0,False,False,none,,False,False,,4.48,4.0,9.0,9.0,True,True,uniform
M2,,,lookback,60,0.02,6,3038,0,0,0,False,False,0,35410,19504,0,0,False,False,none,,False,False,,4.35,4.0,9.0,9.0,True,True,uniform
M2,,,lookback,60,0.02,7,2741,0,0,0,False,False,0,31312,17749,0,0,False,False,none,,False,False,,4.641,5.0,9.0,9.0,True,True,uniform
M2,,,lookback,60,0.02,8,2809,0,0,0,False,False,0,31070,18332,0,0,False,False,none,,False,False,,4.4,4.0,9.0,9.0,True,True,uniform
M2,,,lookback,60,0.02,9,3068,0,0,0,False,False,0,34284,19962,0,0,False,False,none,,False,False,,4.528,5.0,9.0,9.0,True,True,uniform
M2,,,lookback,60,0.1,0,3078,0,0,0,False,False,0,36438,19674,0,0,False,False,none,,False,False,,4.449,4.0,9.0,9.0,True,True,uniform
M2,,,lookback,60,0.1,1,2979,0,0,0,False,False,0,32370,19272,0,0,False,False,none,,False,False,,4.408,4.0,9.0,9.0,True,True,uniform
M2,,,lookback,60,0.1,2,2976,0,0,0,False,False,0,33873,19122,0,0,False,False,none,,False,False,,4.6,5.0,9.0,9.0,True,True,uniform
M2,,,lookback,60,0.1,3,2991,0,0,0,False,False,0,35105,19067,0,0,False,False,none,,False,False,,4.499,5.0,9.0,9.0,True,True,uniform
M2,,,lookback,60,0.1,4,3064,0,0,0,False,False,0,35226,19485,0,0,False,False,none,,False,False,,4.48,4.0,9.0,9.0,True,True,uniform
M2,,,lookback,60,0.1,5,3077,0,0,0,False,False,0,34319,19700,0,0,False,False,none,,False,False,,4.437,4.0,9.0,9.0,True,True,uniform
M2,,,lookback,60,0.1,6,3163,0,0,0,False,False,0,36774,20109,0,0,False,False,none,,False,False,,4.456,4.0,9.0,9.0,True,True,uniform
M2,,,lookback,60,0.1,7,2758,0,0,0,False,False,0,30968,17705,0,0,False,False,none,,False,False,,4.52,4.0,9.0,9.0,True,True,uniform
M2,,,lookback,60,0.1,8,2807,0,0,0,False,False,0,31292,18125,0,0,False,False,none,,False,False,,4.405,4.0,9.0,9.0,True,True,uniform
M2,,,lookback,60,0.1,9,2960,0,0,0,False,False,0,33815,18969,0,0,False,False,none,,False,False,,4.458,5.0,9.0,9.0,True,True,uniform
M2,,,lookback,60,0.02,0,3096,0,0,0,False,False,0,33567,20202,0,0,False,False,none,,False,False,,4.528,5.0,9.0,9.0,True,True,lognormal
M2,,,lookback,60,0.02,1,2998,0,0,0,False,False,0,33366,19641,0,0,False,False,none,,False,False,,4.67,5.0,9.0,9.0,True,True,lognormal
M2,,,lookback,60,0.02,2,2918,0,0,0,False,False,0,33496,18943,0,0,False,False,none,,False,False,,4.537,5.0,9.0,9.0,True,True,lognormal
M2,,,lookback,60,0.02,3,2900,0,0,0,False,False,0,35161,18529,0,0,False,False,none,,False,False,,4.462,4.0,9.0,9.0,True,True,lognormal
M2,,,lookback,60,0.02,4,3068,0,0,0,False,False,0,35494,19786,0,0,False,False,none,,False,False,,4.578,5.0,9.0,9.0,True,True,lognormal
M2,,,lookback,60,0.02,5,3228,0,0,0,False,False,0,36111,20898,0,0,False,False,none,,False,False,,4.497,4.0,9.0,9.0,True,True,lognormal
M2,,,lookback,60,0.02,6,3026,0,0,0,False,False,0,34958,19613,0,0,False,False,none,,False,False,,4.522,5.0,9.0,9.0,True,True,lognormal
M2,,,lookback,60,0.02,7,2791,0,0,0,False,False,0,31851,18024,0,0,False,False,none,,False,False,,4.38,4.0,9.0,9.0,True,True,lognormal
M2,,,lookback,60,0.02,8,2824,0,0,0,False,False,0,31990,18361,0,0,False,False,none,,False,False,,4.646,5.0,9.0,9.0,True,True,lognormal
M2,,,lookback,60,0.02,9,3119,0,0,0,False,False,0,35414,20201,0,0,False,False,none,,False,False,,4.46,4.0,9.0,9.0,True,True,lognormal
M2,,,lookback,60,0.1,0,3127,0,0,0,False,False,0,36098,19961,0,0,False,False,none,,False,False,,4.623,5.0,9.0,9.0,True,True,lognormal
M2,,,lookback,60,0.1,1,2992,0,0,0,False,False,0,33091,19339,0,0,False,False,none,,False,False,,4.575,5.0,9.0,9.0,True,True,lognormal
M2,,,lookback,60,0.1,2,2843,0,0,0,False,False,0,31340,18437,0,0,False,False,none,,False,False,,4.43,4.0,9.0,9.0,True,True,lognormal
M2,,,lookback,60,0.1,3,2863,0,0,0,False,False,0,32783,18296,0,0,False,False,none,,False,False,,4.46,4.0,9.0,9.0,True,True,lognormal
M2,,,lookback,60,0.1,4,2967,0,0,0,False,False,0,33905,18989,0,0,False,False,none,,False,False,,4.487,5.0,9.0,9.0,True,True,lognormal
M2,,,lookback,60,0.1,5,3046,0,0,0,False,False,0,34875,19497,0,0,False,False,none,,False,False,,4.5,5.0,9.0,9.0,True,True,lognormal
M2,,,lookback,60,0.1,6,3016,0,0,0,False,False,0,35245,19308,0,0,False,False,none,,False,False,,4.61,5.0,9.0,9.0,True,True,lognormal
M2,,,lookback,60,0.1,7,2669,0,0,0,False,False,0,30351,17110,0,0,False,False,none,,False,False,,4.488,4.0,9.0,9.0,True,True,lognormal
M2,,,lookback,60,0.1,8,2817,0,0,0,False,False,0,31987,18160,0,0,False,False,none,,False,False,,4.542,5.0,9.0,9.0,True,True,lognormal
M2,,,lookback,60,0.1,9,2971,0,0,0,False,False,0,32961,19101,0,0,False,False,none,,False,False,,4.421,4.0,9.0,9.0,True,True,lognormal
M2,,,lookback,60,0.02,0,2995,0,0,0,False,False,0,33785,19463,0,0,False,False,none,,False,False,,4.439,4.0,9.0,9.0,True,True,pareto
M2,,,lookback,60,0.02,1,3001,0,0,0,False,False,0,33416,19655,0,0,False,False,none,,False,False,,4.442,4.0,9.0,9.0,True,True,pareto
M2,,,lookback,60,0.02,2,2848,0,0,0,False,False,0,33556,18343,0,0,False,False,none,,False,False,,4.384,4.0,9.0,9.0,True,True,pareto
M2,,,lookback,60,0.02,3,2890,0,0,0,False,False,0,34092,18615,0,0,False,False,none,,False,False,,4.517,5.0,9.0,9.0,True,True,pareto
M2,,,lookback,60,0.02,4,3033,0,0,0,False,False,0,33997,19642,0,0,False,False,none,,False,False,,4.479,5.0,9.0,9.0,True,True,pareto
M2,,,lookback,60,0.02,5,3160,2,0,0,False,False,0,35074,20653,0,0,False,False,none,,False,False,,4.506,4.0,9.0,9.0,False,True,pareto
M2,,,lookback,60,0.02,6,3031,0,0,0,False,False,0,35161,19552,0,0,False,False,none,,False,False,,4.368,4.0,9.0,9.0,True,True,pareto
M2,,,lookback,60,0.02,7,2729,0,0,0,False,False,0,31449,17622,0,0,False,False,none,,False,False,,4.308,4.0,9.0,9.0,True,True,pareto
M2,,,lookback,60,0.02,8,2840,0,0,0,False,False,0,32099,18503,0,0,False,False,none,,False,False,,4.623,5.0,9.0,9.0,True,True,pareto
M2,,,lookback,60,0.02,9,3029,0,0,0,False,False,0,34011,19755,0,0,False,False,none,,False,False,,4.511,4.0,9.0,9.0,True,True,pareto
M2,,,lookback,60,0.1,0,2999,0,0,0,False,False,0,34300,19351,0,0,False,False,none,,False,False,,4.525,5.0,9.0,9.0,True,True,pareto
M2,,,lookback,60,0.1,1,2926,7,0,0,False,False,0,31312,19055,0,0,False,False,none,,False,False,,4.429,4.0,9.0,9.0,False,True,pareto
M2,,,lookback,60,0.1,2,2908,0,0,0,False,False,0,32948,18758,0,0,False,False,none,,False,False,,4.495,4.0,9.0,9.0,True,True,pareto
M2,,,lookback,60,0.1,3,2948,3,0,0,False,False,0,34849,18844,0,0,False,False,none,,False,False,,4.475,4.0,9.0,9.0,False,True,pareto
M2,,,lookback,60,0.1,4,3092,0,0,0,False,False,0,35311,19768,0,0,False,False,none,,False,False,,4.588,4.0,9.0,9.0,True,True,pareto
M2,,,lookback,60,0.1,5,3064,4,0,0,False,False,0,33716,19813,0,0,False,False,none,,False,False,,4.437,4.0,9.0,9.0,False,True,pareto
M2,,,lookback,60,0.1,6,3161,0,0,0,False,False,0,36552,20349,0,0,False,False,none,,False,False,,4.398,4.0,9.0,9.0,True,True,pareto
M2,,,lookback,60,0.1,7,2699,3,0,0,False,False,0,31614,17160,0,0,False,False,none,,False,False,,4.637,5.0,9.0,9.0,False,True,pareto
M2,,,lookback,60,0.1,8,2873,0,0,0,False,False,0,32840,18617,0,0,False,False,none,,False,False,,4.523,4.0,9.0,9.0,True,True,pareto
M2,,,lookback,60,0.1,9,3005,4,0,0,False,False,0,34347,19365,0,0,False,False,none,,False,False,,4.667,5.0,9.0,9.0,False,True,pareto
M2A,,,gt,0,0.02,0,3013,0,0,0,False,False,0,17393,10199,0,0,False,False,none,,False,False,,4.407,4.0,9.0,9.0,True,True,uniform
M2A,,,gt,0,0.02,1,3003,0,0,0,False,False,0,10050,6816,0,0,False,False,none,,False,False,,4.384,4.0,9.0,9.0,True,True,uniform
M2A,,,gt,0,0.02,2,2924,4,0,0,False,False,0,11518,6900,0,0,False,False,none,,False,False,,4.431,4.0,9.0,9.0,False,True,uniform
M2A,,,gt,0,0.02,3,2865,5,0,0,False,False,0,10665,6573,0,0,False,False,none,,False,False,,4.614,5.0,9.0,9.0,False,True,uniform
M2A,,,gt,0,0.02,4,3000,6,0,0,False,False,0,9909,5756,0,0,False,False,none,,False,False,,4.452,4.0,9.0,9.0,False,True,uniform
M2A,,,gt,0,0.02,5,3161,8,0,0,False,False,0,15406,8608,0,0,False,False,none,,False,False,,4.485,4.0,9.0,9.0,False,True,uniform
M2A,,,gt,0,0.02,6,3038,4,0,0,False,False,0,13241,7730,0,0,False,False,none,,False,False,,4.349,4.0,9.0,9.0,False,True,uniform
M2A,,,gt,0,0.02,7,2741,0,0,0,False,False,0,15135,8667,0,0,False,False,none,,False,False,,4.641,5.0,9.0,9.0,True,True,uniform
M2A,,,gt,0,0.02,8,2809,20,0,0,False,False,0,8108,5006,0,0,False,False,none,,False,False,,4.387,4.0,9.0,9.0,False,True,uniform
M2A,,,gt,0,0.02,9,3068,4,0,0,False,False,0,12233,6163,0,0,False,False,none,,False,False,,4.522,5.0,9.0,9.0,False,True,uniform
M2A,,,gt,0,0.1,0,3078,4,0,0,False,False,0,18342,10818,0,0,False,False,none,,False,False,,4.45,4.0,9.0,9.0,False,True,uniform
M2A,,,gt,0,0.1,1,2979,4,0,0,False,False,0,15999,10016,0,0,False,False,none,,False,False,,4.402,4.0,9.0,9.0,False,True,uniform
M2A,,,gt,0,0.1,2,2976,8,0,0,False,False,0,15434,9593,0,0,False,False,none,,False,False,,4.595,5.0,9.0,9.0,False,True,uniform
M2A,,,gt,0,0.1,3,2991,9,0,0,False,False,0,16848,9687,0,0,False,False,none,,False,False,,4.496,5.0,9.0,9.0,False,True,uniform
M2A,,,gt,0,0.1,4,3064,5,0,0,False,False,0,17154,9828,0,0,False,False,none,,False,False,,4.479,4.0,9.0,9.0,False,True,uniform
M2A,,,gt,0,0.1,5,3077,1,0,0,False,False,0,17192,10229,0,0,False,False,none,,False,False,,4.436,4.0,9.0,9.0,False,True,uniform
M2A,,,gt,0,0.1,6,3163,10,0,0,False,False,0,17105,9562,0,0,False,False,none,,False,False,,4.447,4.0,9.0,9.0,False,True,uniform
M2A,,,gt,0,0.1,7,2758,20,0,0,False,False,0,14979,9207,0,0,False,False,none,,False,False,,4.495,4.0,9.0,9.0,False,True,uniform
M2A,,,gt,0,0.1,8,2807,8,0,0,False,False,0,14587,9076,0,0,False,False,none,,False,False,,4.398,4.0,9.0,9.0,False,True,uniform
M2A,,,gt,0,0.1,9,2960,8,0,0,False,False,0,15438,8941,0,0,False,False,none,,False,False,,4.452,5.0,9.0,9.0,False,True,uniform
M2A,,,gt,0,0.02,0,3096,15,0,0,False,False,0,10579,5650,0,0,False,False,none,,False,False,,4.523,5.0,9.0,9.0,False,True,lognormal
M2A,,,gt,0,0.02,1,2998,4,0,0,False,False,0,11236,7939,0,0,False,False,none,,False,False,,4.672,5.0,9.0,9.0,False,True,lognormal
M2A,,,gt,0,0.02,2,2918,9,0,0,False,False,0,7565,4826,0,0,False,False,none,,False,False,,4.536,5.0,9.0,9.0,False,True,lognormal
M2A,,,gt,0,0.02,3,2900,4,0,0,False,False,0,9527,5402,0,0,False,False,none,,False,False,,4.467,4.0,9.0,9.0,False,True,lognormal
M2A,,,gt,0,0.02,4,3068,3,0,0,False,False,0,8561,5888,0,0,False,False,none,,False,False,,4.577,5.0,9.0,9.0,False,True,lognormal
M2A,,,gt,0,0.02,5,3228,23,0,0,False,False,0,8083,5179,0,0,False,False,none,,False,False,,4.486,4.0,9.0,9.0,False,True,lognormal
M2A,,,gt,0,0.02,6,3026,10,0,0,False,False,0,11565,6747,0,0,False,False,none,,False,False,,4.518,5.0,9.0,9.0,False,True,lognormal
M2A,,,gt,0,0.02,7,2791,1,0,0,False,False,0,11619,6768,0,0,False,False,none,,False,False,,4.38,4.0,9.0,9.0,False,True,lognormal
M2A,,,gt,0,0.02,8,2824,1,0,0,False,False,0,7326,4719,0,0,False,False,none,,False,False,,4.645,5.0,9.0,9.0,False,True,lognormal
M2A,,,gt,0,0.02,9,3119,7,0,0,False,False,0,12639,6121,0,0,False,False,none,,False,False,,4.456,4.0,9.0,9.0,False,True,lognormal
M2A,,,gt,0,0.1,0,3127,31,0,0,False,False,0,21360,6609,0,0,False,False,none,,False,False,,4.607,5.0,9.0,9.0,False,True,lognormal
M2A,,,gt,0,0.1,1,2992,26,0,0,False,False,0,16358,9899,0,0,False,False,none,,False,False,,4.564,5.0,9.0,9.0,False,True,lognormal
M2A,,,gt,0,0.1,2,2843,6,0,0,False,False,0,15694,8863,0,0,False,False,none,,False,False,,4.427,4.0,9.0,9.0,False,True,lognormal
M2A,,,gt,0,0.1,3,2863,21,0,0,False,False,0,15064,8068,0,0,False,False,none,,False,False,,4.448,4.0,9.0,9.0,False,True,lognormal
M2A,,,gt,0,0.1,4,2967,10,0,0,False,False,0,42588,12030,0,0,False,False,none,,False,False,,4.492,5.0,9.0,9.0,False,True,lognormal
M2A,,,gt,0,0.1,5,3046,1,0,0,False,False,0,26639,14627,0,0,False,False,none,,False,False,,4.5,5.0,9.0,9.0,False,True,lognormal
M2A,,,gt,0,0.1,6,3016,8,0,0,False,False,0,39611,18757,0,0,False,False,none,,False,False,,4.605,5.0,9.0,9.0,False,True,lognormal
M2A,,,gt,0,0.1,7,2669,6,0,0,False,False,0,48200,21693,0,0,False,False,none,,False,False,,4.511,4.0,9.0,36.0,False,True,lognormal
M2A,,,gt,0,0.1,8,2817,10,0,0,False,False,0,11048,7121,0,0,False,False,none,,False,False,,4.543,5.0,9.0,9.0,False,True,lognormal
M2A,,,gt,0,0.1,9,2971,16,0,0,False,False,0,16597,8347,0,0,False,False,none,,False,False,,4.419,4.0,9.0,9.0,False,True,lognormal
M2A,,,gt,0,0.02,0,2995,0,0,0,False,False,0,7584,5505,0,0,False,False,none,,False,False,,4.439,4.0,9.0,9.0,True,True,pareto
M2A,,,gt,0,0.02,1,3001,0,0,0,False,False,0,6834,5250,0,0,False,False,none,,False,False,,4.442,4.0,9.0,9.0,True,True,pareto
M2A,,,gt,0,0.02,2,2848,1,0,0,False,False,0,8339,5567,0,0,False,False,none,,False,False,,4.385,4.0,9.0,9.0,False,True,pareto
M2A,,,gt,0,0.02,3,2890,0,0,0,False,False,0,7055,4349,0,0,False,False,none,,False,False,,4.517,5.0,9.0,9.0,True,True,pareto
M2A,,,gt,0,0.02,4,3033,3,0,0,False,False,0,7093,4816,0,0,False,False,none,,False,False,,4.483,5.0,9.0,9.0,False,True,pareto
M2A,,,gt,0,0.02,5,3160,8,0,0,False,False,0,8951,6278,0,0,False,False,none,,False,False,,4.501,4.0,9.0,9.0,False,True,pareto
M2A,,,gt,0,0.02,6,3031,4,0,0,False,False,0,5993,4574,0,0,False,False,none,,False,False,,4.365,4.0,9.0,9.0,False,True,pareto
M2A,,,gt,0,0.02,7,2729,0,0,0,False,False,0,6316,4402,0,0,False,False,none,,False,False,,4.308,4.0,9.0,9.0,True,True,pareto
M2A,,,gt,0,0.02,8,2840,5,0,0,False,False,0,6365,4550,0,0,False,False,none,,False,False,,4.622,5.0,9.0,9.0,False,True,pareto
M2A,,,gt,0,0.02,9,3029,0,0,0,False,False,0,8452,4921,0,0,False,False,none,,False,False,,4.511,4.0,9.0,9.0,True,True,pareto
M2A,,,gt,0,0.1,0,2999,7,0,0,False,False,0,14917,8020,0,0,False,False,none,,False,False,,4.526,5.0,9.0,9.0,False,True,pareto
M2A,,,gt,0,0.1,1,2926,19,0,0,False,False,0,14118,7452,0,0,False,False,none,,False,False,,4.434,4.0,9.0,9.0,False,True,pareto
M2A,,,gt,0,0.1,2,2908,15,0,0,False,False,0,9145,5350,0,0,False,False,none,,False,False,,4.49,4.0,9.0,9.0,False,True,pareto
M2A,,,gt,0,0.1,3,2948,11,0,0,False,False,0,13038,7197,0,0,False,False,none,,False,False,,4.472,4.0,9.0,9.0,False,True,pareto
M2A,,,gt,0,0.1,4,3092,4,0,0,False,False,0,23690,10853,0,0,False,False,none,,False,False,,4.583,4.0,9.0,9.0,False,True,pareto
M2A,,,gt,0,0.1,5,3064,19,0,0,False,False,0,11816,6563,0,0,False,False,none,,False,False,,4.432,4.0,9.0,9.0,False,True,pareto
M2A,,,gt,0,0.1,6,3161,3,0,0,False,False,0,11366,6812,0,0,False,False,none,,False,False,,4.397,4.0,9.0,9.0,False,True,pareto
M2A,,,gt,0,0.1,7,2699,9,0,0,False,False,0,9813,5754,0,0,False,False,none,,False,False,,4.634,5.0,9.0,9.0,False,True,pareto
M2A,,,gt,0,0.1,8,2873,6,0,0,False,False,0,10591,5905,0,0,False,False,none,,False,False,,4.526,4.0,9.0,9.0,False,True,pareto
M2A,,,gt,0,0.1,9,3005,8,0,0,False,False,0,18389,8258,0,0,False,False,none,,False,False,,4.67,5.0,9.0,9.0,False,True,pareto
M2,,,horizon,0,0.02,0,3013,0,0,0,False,False,0,3013,3013,0,0,False,False,none,,False,False,,7.603,7.0,22.0,23.0,True,True,uniform
M2,,,horizon,0,0.02,1,3003,0,0,0,False,False,0,3003,3003,0,0,False,False,none,,False,False,,6.049,6.0,15.0,16.0,True,True,uniform
M2,,,horizon,0,0.02,2,2924,0,0,0,False,False,0,2924,2917,0,0,False,False,none,,False,False,,6.339,6.0,22.0,24.0,True,True,uniform
M2,,,horizon,0,0.02,3,2865,0,0,0,False,False,0,2865,2865,0,0,False,False,none,,False,False,,6.357,6.0,17.0,19.0,True,True,uniform
M2,,,horizon,0,0.02,4,3000,0,0,0,False,False,0,3000,2930,0,0,False,False,none,,False,False,,6.002,6.0,19.0,20.0,True,True,uniform
M2,,,horizon,0,0.02,5,3161,0,0,0,False,False,0,3161,3161,0,0,False,False,none,,False,False,,6.666,6.0,20.0,22.0,True,True,uniform
M2,,,horizon,0,0.02,6,3038,0,0,0,False,False,0,3038,3038,0,0,False,False,none,,False,False,,6.305,6.0,18.0,19.0,True,True,uniform
M2,,,horizon,0,0.02,7,2741,0,0,0,False,False,0,2741,2741,0,0,False,False,none,,False,False,,7.644,7.0,21.0,23.0,True,True,uniform
M2,,,horizon,0,0.02,8,2809,0,0,0,False,False,0,2809,2809,0,0,False,False,none,,False,False,,6.457,6.0,20.0,22.0,True,True,uniform
M2,,,horizon,0,0.02,9,3068,0,0,0,False,False,0,3068,2981,0,0,False,False,none,,False,False,,6.731,6.0,19.0,21.0,True,True,uniform
M2,,,horizon,0,0.1,0,3078,0,0,0,False,False,0,3078,3010,0,0,False,False,none,,False,False,,11.223,12.0,22.0,23.0,True,True,uniform
M2,,,horizon,0,0.1,1,2979,0,0,0,False,False,0,2979,2868,0,0,False,False,none,,False,False,,10.497,10.0,23.0,24.0,True,True,uniform
M2,,,horizon,0,0.1,2,2976,0,0,0,False,False,0,2976,2899,0,0,False,False,none,,False,False,,11.461,12.0,22.0,23.0,True,True,uniform
M2,,,horizon,0,0.1,3,2991,0,0,0,False,False,0,2991,2959,0,0,False,False,none,,False,False,,11.106,11.0,21.0,23.0,True,True,uniform
M2,,,horizon,0,0.1,4,3064,0,0,0,False,False,0,3064,2959,0,0,False,False,none,,False,False,,12.486,13.0,22.0,23.0,True,True,uniform
M2,,,horizon,0,0.1,5,3077,0,0,0,False,False,0,3077,2967,0,0,False,False,none,,False,False,,11.034,11.0,22.0,23.0,True,True,uniform
M2,,,horizon,0,0.1,6,3163,0,0,0,False,False,0,3163,3042,0,0,False,False,none,,False,False,,10.794,11.0,21.0,23.0,True,True,uniform
M2,,,horizon,0,0.1,7,2758,0,0,0,False,False,0,2758,2672,0,0,False,False,none,,False,False,,11.373,12.0,22.0,23.0,True,True,uniform
M2,,,horizon,0,0.1,8,2807,0,0,0,False,False,0,2807,2749,0,0,False,False,none,,False,False,,10.71,11.0,22.0,23.0,True,True,uniform
M2,,,horizon,0,0.1,9,2960,0,0,0,False,False,0,2960,2890,0,0,False,False,none,,False,False,,10.844,11.0,22.0,23.0,True,True,uniform
M2,,,horizon,0,0.02,0,3096,0,0,0,False,False,0,3096,3018,0,0,False,False,none,,False,False,,12.568,7.0,55.0,58.0,True,True,lognormal
M2,,,horizon,0,0.02,1,2998,0,0,0,False,False,0,2998,2971,0,0,False,False,none,,False,False,,7.101,6.0,31.0,34.0,True,True,lognormal
M2,,,horizon,0,0.02,2,2918,0,0,0,False,False,0,2918,2891,0,0,False,False,none,,False,False,,6.186,6.0,24.0,26.0,True,True,lognormal
M2,,,horizon,0,0.02,3,2900,0,0,0,False,False,0,2900,2900,0,0,False,False,none,,False,False,,6.886,6.0,41.0,44.0,True,True,lognormal
M2,,,horizon,0,0.02,4,3068,0,0,0,False,False,0,3068,3068,0,0,False,False,none,,False,False,,6.12,5.0,24.0,27.0,True,True,lognormal
M2,,,horizon,0,0.02,5,3228,0,0,0,False,False,0,3228,3228,0,0,False,False,none,,False,False,,7.275,6.0,33.0,37.0,True,True,lognormal
M2,,,horizon,0,0.02,6,3026,0,0,0,False,False,0,3026,3026,0,0,False,False,none,,False,False,,10.969,7.0,46.0,49.0,True,True,lognormal
M2,,,horizon,0,0.02,7,2791,0,0,0,False,False,0,2791,2791,0,0,False,False,none,,False,False,,7.361,6.0,36.0,39.0,True,True,lognormal
M2,,,horizon,0,0.02,8,2824,0,0,0,False,False,0,2824,2824,0,0,False,False,none,,False,False,,5.588,5.0,20.0,25.0,True,True,lognormal
M2,,,horizon,0,0.02,9,3119,0,0,0,False,False,0,3119,3001,0,0,False,False,none,,False,False,,6.412,6.0,20.0,22.0,True,True,lognormal
M2,,,horizon,0,0.1,0,3127,0,0,0,False,False,0,3127,3127,0,0,False,False,none,,False,False,,17.447,16.0,45.0,48.0,True,True,lognormal
M2,,,horizon,0,0.1,1,2992,0,0,0,False,False,0,2992,2952,0,0,False,False,none,,False,False,,12.312,10.0,41.0,45.0,True,True,lognormal
M2,,,horizon,0,0.1,2,2843,0,0,0,False,False,0,2843,2784,0,0,False,False,none,,False,False,,10.409,9.0,40.0,45.0,True,True,lognormal
M2,,,horizon,0,0.1,3,2863,0,0,0,False,False,0,2863,2863,0,0,False,False,none,,False,False,,11.282,10.0,30.0,35.0,True,True,lognormal
M2,,,horizon,0,0.1,4,2967,0,0,0,False,False,0,2967,2856,0,0,False,False,none,,False,False,,24.443,21.0,66.0,69.0,True,True,lognormal
M2,,,horizon,0,0.1,5,3046,0,0,0,False,False,0,3046,2942,0,0,False,False,none,,False,False,,12.353,10.0,47.0,53.0,True,True,lognormal
M2,,,horizon,0,0.1,6,3016,0,0,0,False,False,0,3016,2943,0,0,False,False,none,,False,False,,14.687,12.0,47.0,51.0,True,True,lognormal
M2,,,horizon,0,0.1,7,2669,0,0,0,False,False,0,2669,2598,0,0,False,False,none,,False,False,,20.756,17.0,58.0,62.0,True,True,lognormal
M2,,,horizon,0,0.1,8,2817,0,0,0,False,False,0,2817,2817,0,0,False,False,none,,False,False,,12.497,9.0,50.0,54.0,True,True,lognormal
M2,,,horizon,0,0.1,9,2971,0,0,0,False,False,0,2971,2666,0,0,False,False,none,,False,False,,14.266,13.0,45.0,51.0,True,True,lognormal
M2,,,horizon,0,0.02,0,2995,0,0,0,False,False,0,2995,2995,0,0,False,False,none,,False,False,,4.736,5.0,11.0,13.0,True,True,pareto
M2,,,horizon,0,0.02,1,3001,0,0,0,False,False,0,3001,3001,0,0,False,False,none,,False,False,,4.738,5.0,11.0,14.0,True,True,pareto
M2,,,horizon,0,0.02,2,2848,0,0,0,False,False,0,2848,2848,0,0,False,False,none,,False,False,,5.22,5.0,18.0,22.0,True,True,pareto
M2,,,horizon,0,0.02,3,2890,0,0,0,False,False,0,2890,2890,0,0,False,False,none,,False,False,,4.793,5.0,13.0,14.0,True,True,pareto
M2,,,horizon,0,0.02,4,3033,0,0,0,False,False,0,3033,3033,0,0,False,False,none,,False,False,,5.415,5.0,23.0,25.0,True,True,pareto
M2,,,horizon,0,0.02,5,3160,0,0,0,False,False,0,3160,1059,0,0,False,False,none,,False,False,,119.144,114.0,300.0,303.0,True,True,pareto
M2,,,horizon,0,0.02,6,3031,0,0,0,False,False,0,3031,3031,0,0,False,False,none,,False,False,,5.413,5.0,25.0,28.0,True,True,pareto
M2,,,horizon,0,0.02,7,2729,0,0,0,False,False,0,2729,2729,0,0,False,False,none,,False,False,,4.63,4.0,11.0,13.0,True,True,pareto
M2,,,horizon,0,0.02,8,2840,0,0,0,False,False,0,2840,2840,0,0,False,False,none,,False,False,,5.429,6.0,14.0,17.0,True,True,pareto
M2,,,horizon,0,0.02,9,3029,0,0,0,False,False,0,3029,3029,0,0,False,False,none,,False,False,,5.131,5.0,14.0,17.0,True,True,pareto
M2,,,horizon,0,0.1,0,2999,0,0,0,False,False,0,2999,2987,0,0,False,False,none,,False,False,,8.69,7.0,37.0,40.0,True,True,pareto
M2,,,horizon,0,0.1,1,2926,0,0,0,False,False,0,2926,1798,0,0,False,False,none,,False,False,,164.892,179.0,274.0,282.0,True,True,pareto
M2,,,horizon,0,0.1,2,2908,0,0,0,False,False,0,2908,2908,0,0,False,False,none,,False,False,,11.042,8.0,51.0,54.0,True,True,pareto
M2,,,horizon,0,0.1,3,2948,0,0,0,False,False,0,2948,2923,0,0,False,False,none,,False,False,,42.199,10.0,169.0,172.0,True,True,pareto
M2,,,horizon,0,0.1,4,3092,0,0,0,False,False,0,3092,3092,0,0,False,False,none,,False,False,,13.22,9.0,64.0,69.0,True,True,pareto
M2,,,horizon,0,0.1,5,3064,0,0,0,False,False,0,3064,3057,0,0,False,False,none,,False,False,,15.882,9.0,69.0,72.0,True,True,pareto
M2,,,horizon,0,0.1,6,3161,0,0,0,False,False,0,3161,2841,0,0,False,False,none,,False,False,,8.757,7.0,46.0,50.0,True,True,pareto
M2,,,horizon,0,0.1,7,2699,0,0,0,False,False,0,2699,2679,0,0,False,False,none,,False,False,,28.6,11.0,130.0,135.0,True,True,pareto
M2,,,horizon,0,0.1,8,2873,0,0,0,False,False,0,2873,2873,0,0,False,False,none,,False,False,,10.148,7.0,53.0,58.0,True,True,pareto
M2,,,horizon,0,0.1,9,3005,0,0,0,False,False,0,3005,2952,0,0,False,False,none,,False,False,,26.254,10.0,111.0,116.0,True,True,pareto
A4,,,horizon,0,0.02,0,3013,0,0,0,False,False,0,3013,3013,0,0,False,False,none,,False,False,,7.603,7.0,22.0,23.0,True,True,uniform
A4,,,horizon,0,0.02,1,3003,0,0,0,False,False,0,3003,3003,0,0,False,False,none,,False,False,,6.049,6.0,15.0,16.0,True,True,uniform
A4,,,horizon,0,0.02,2,2924,0,0,0,False,False,0,2924,2917,0,0,False,False,none,,False,False,,6.339,6.0,22.0,24.0,True,True,uniform
A4,,,horizon,0,0.02,3,2865,0,0,0,False,False,0,2865,2865,0,0,False,False,none,,False,False,,6.357,6.0,17.0,19.0,True,True,uniform
A4,,,horizon,0,0.02,4,3000,0,0,0,False,False,0,3000,2930,0,0,False,False,none,,False,False,,6.002,6.0,19.0,20.0,True,True,uniform
A4,,,horizon,0,0.02,5,3161,0,0,0,False,False,0,3161,3161,0,0,False,False,none,,False,False,,6.666,6.0,20.0,22.0,True,True,uniform
A4,,,horizon,0,0.02,6,3038,0,0,0,False,False,0,3038,3038,0,0,False,False,none,,False,False,,6.305,6.0,18.0,19.0,True,True,uniform
A4,,,horizon,0,0.02,7,2741,0,0,0,False,False,0,2741,2741,0,0,False,False,none,,False,False,,7.644,7.0,21.0,23.0,True,True,uniform
A4,,,horizon,0,0.02,8,2809,0,0,0,False,False,0,2809,2809,0,0,False,False,none,,False,False,,6.457,6.0,20.0,22.0,True,True,uniform
A4,,,horizon,0,0.02,9,3068,0,0,0,False,False,0,3068,2981,0,0,False,False,none,,False,False,,6.731,6.0,19.0,21.0,True,True,uniform
A4,,,horizon,0,0.1,0,3078,0,0,0,False,False,0,3078,3010,0,0,False,False,none,,False,False,,11.223,12.0,22.0,23.0,True,True,uniform
A4,,,horizon,0,0.1,1,2979,0,0,0,False,False,0,2979,2868,0,0,False,False,none,,False,False,,10.497,10.0,23.0,24.0,True,True,uniform
A4,,,horizon,0,0.1,2,2976,0,0,0,False,False,0,2976,2899,0,0,False,False,none,,False,False,,11.461,12.0,22.0,23.0,True,True,uniform
A4,,,horizon,0,0.1,3,2991,0,0,0,False,False,0,2991,2959,0,0,False,False,none,,False,False,,11.106,11.0,21.0,23.0,True,True,uniform
A4,,,horizon,0,0.1,4,3064,0,0,0,False,False,0,3064,2959,0,0,False,False,none,,False,False,,12.486,13.0,22.0,23.0,True,True,uniform
A4,,,horizon,0,0.1,5,3077,0,0,0,False,False,0,3077,2967,0,0,False,False,none,,False,False,,11.034,11.0,22.0,23.0,True,True,uniform
A4,,,horizon,0,0.1,6,3163,0,0,0,False,False,0,3163,3042,0,0,False,False,none,,False,False,,10.794,11.0,21.0,23.0,True,True,uniform
A4,,,horizon,0,0.1,7,2758,0,0,0,False,False,0,2758,2672,0,0,False,False,none,,False,False,,11.373,12.0,22.0,23.0,True,True,uniform
A4,,,horizon,0,0.1,8,2807,0,0,0,False,False,0,2807,2749,0,0,False,False,none,,False,False,,10.71,11.0,22.0,23.0,True,True,uniform
A4,,,horizon,0,0.1,9,2960,0,0,0,False,False,0,2960,2890,0,0,False,False,none,,False,False,,10.844,11.0,22.0,23.0,True,True,uniform
A4,,,horizon,0,0.02,0,3096,0,0,0,False,False,0,3096,3018,0,0,False,False,none,,False,False,,12.568,7.0,55.0,58.0,True,True,lognormal
A4,,,horizon,0,0.02,1,2998,0,0,0,False,False,0,2998,2971,0,0,False,False,none,,False,False,,7.101,6.0,31.0,34.0,True,True,lognormal
A4,,,horizon,0,0.02,2,2918,0,0,0,False,False,0,2918,2891,0,0,False,False,none,,False,False,,6.186,6.0,24.0,26.0,True,True,lognormal
A4,,,horizon,0,0.02,3,2900,0,0,0,False,False,0,2900,2900,0,0,False,False,none,,False,False,,6.886,6.0,41.0,44.0,True,True,lognormal
A4,,,horizon,0,0.02,4,3068,0,0,0,False,False,0,3068,3068,0,0,False,False,none,,False,False,,6.12,5.0,24.0,27.0,True,True,lognormal
A4,,,horizon,0,0.02,5,3228,0,0,0,False,False,0,3228,3228,0,0,False,False,none,,False,False,,7.275,6.0,33.0,37.0,True,True,lognormal
A4,,,horizon,0,0.02,6,3026,0,0,0,False,False,0,3026,3026,0,0,False,False,none,,False,False,,10.969,7.0,46.0,49.0,True,True,lognormal
A4,,,horizon,0,0.02,7,2791,0,0,0,False,False,0,2791,2791,0,0,False,False,none,,False,False,,7.361,6.0,36.0,39.0,True,True,lognormal
A4,,,horizon,0,0.02,8,2824,0,0,0,False,False,0,2824,2824,0,0,False,False,none,,False,False,,5.588,5.0,20.0,25.0,True,True,lognormal
A4,,,horizon,0,0.02,9,3119,0,0,0,False,False,0,3119,3001,0,0,False,False,none,,False,False,,6.412,6.0,20.0,22.0,True,True,lognormal
A4,,,horizon,0,0.1,0,3127,0,0,0,False,False,0,3127,3127,0,0,False,False,none,,False,False,,17.447,16.0,45.0,48.0,True,True,lognormal
A4,,,horizon,0,0.1,1,2992,0,0,0,False,False,0,2992,2952,0,0,False,False,none,,False,False,,12.312,10.0,41.0,45.0,True,True,lognormal
A4,,,horizon,0,0.1,2,2843,0,0,0,False,False,0,2843,2784,0,0,False,False,none,,False,False,,10.409,9.0,40.0,45.0,True,True,lognormal
A4,,,horizon,0,0.1,3,2863,0,0,0,False,False,0,2863,2863,0,0,False,False,none,,False,False,,11.282,10.0,30.0,35.0,True,True,lognormal
A4,,,horizon,0,0.1,4,2967,0,0,0,False,False,0,2967,2856,0,0,False,False,none,,False,False,,24.443,21.0,66.0,69.0,True,True,lognormal
A4,,,horizon,0,0.1,5,3046,0,0,0,False,False,0,3046,2942,0,0,False,False,none,,False,False,,12.353,10.0,47.0,53.0,True,True,lognormal
A4,,,horizon,0,0.1,6,3016,0,0,0,False,False,0,3016,2943,0,0,False,False,none,,False,False,,14.687,12.0,47.0,51.0,True,True,lognormal
A4,,,horizon,0,0.1,7,2669,0,0,0,False,False,0,2669,2598,0,0,False,False,none,,False,False,,20.756,17.0,58.0,62.0,True,True,lognormal
A4,,,horizon,0,0.1,8,2817,0,0,0,False,False,0,2817,2817,0,0,False,False,none,,False,False,,12.497,9.0,50.0,54.0,True,True,lognormal
A4,,,horizon,0,0.1,9,2971,0,0,0,False,False,0,2971,2666,0,0,False,False,none,,False,False,,14.266,13.0,45.0,51.0,True,True,lognormal
A4,,,horizon,0,0.02,0,2995,0,0,0,False,False,0,2995,2995,0,0,False,False,none,,False,False,,4.736,5.0,11.0,13.0,True,True,pareto
A4,,,horizon,0,0.02,1,3001,0,0,0,False,False,0,3001,3001,0,0,False,False,none,,False,False,,4.738,5.0,11.0,14.0,True,True,pareto
A4,,,horizon,0,0.02,2,2848,0,0,0,False,False,0,2848,2848,0,0,False,False,none,,False,False,,5.22,5.0,18.0,22.0,True,True,pareto
A4,,,horizon,0,0.02,3,2890,0,0,0,False,False,0,2890,2890,0,0,False,False,none,,False,False,,4.793,5.0,13.0,14.0,True,True,pareto
A4,,,horizon,0,0.02,4,3033,0,0,0,False,False,0,3033,3033,0,0,False,False,none,,False,False,,5.415,5.0,23.0,25.0,True,True,pareto
A4,,,horizon,0,0.02,5,3160,0,0,0,False,False,0,3160,1059,0,0,False,False,none,,False,False,,119.144,114.0,300.0,303.0,True,True,pareto
A4,,,horizon,0,0.02,6,3031,0,0,0,False,False,0,3031,3031,0,0,False,False,none,,False,False,,5.413,5.0,25.0,28.0,True,True,pareto
A4,,,horizon,0,0.02,7,2729,0,0,0,False,False,0,2729,2729,0,0,False,False,none,,False,False,,4.63,4.0,11.0,13.0,True,True,pareto
A4,,,horizon,0,0.02,8,2840,0,0,0,False,False,0,2840,2840,0,0,False,False,none,,False,False,,5.429,6.0,14.0,17.0,True,True,pareto
A4,,,horizon,0,0.02,9,3029,0,0,0,False,False,0,3029,3029,0,0,False,False,none,,False,False,,5.131,5.0,14.0,17.0,True,True,pareto
A4,,,horizon,0,0.1,0,2999,0,0,0,False,False,0,2999,2987,0,0,False,False,none,,False,False,,8.69,7.0,37.0,40.0,True,True,pareto
A4,,,horizon,0,0.1,1,2926,0,0,0,False,False,0,2926,1798,0,0,False,False,none,,False,False,,164.892,179.0,274.0,282.0,True,True,pareto
A4,,,horizon,0,0.1,2,2908,0,0,0,False,False,0,2908,2908,0,0,False,False,none,,False,False,,11.042,8.0,51.0,54.0,True,True,pareto
A4,,,horizon,0,0.1,3,2948,0,0,0,False,False,0,2948,2923,0,0,False,False,none,,False,False,,42.199,10.0,169.0,172.0,True,True,pareto
A4,,,horizon,0,0.1,4,3092,0,0,0,False,False,0,3092,3092,0,0,False,False,none,,False,False,,13.22,9.0,64.0,69.0,True,True,pareto
A4,,,horizon,0,0.1,5,3064,0,0,0,False,False,0,3064,3057,0,0,False,False,none,,False,False,,15.882,9.0,69.0,72.0,True,True,pareto
A4,,,horizon,0,0.1,6,3161,0,0,0,False,False,0,3161,2841,0,0,False,False,none,,False,False,,8.757,7.0,46.0,50.0,True,True,pareto
A4,,,horizon,0,0.1,7,2699,0,0,0,False,False,0,2699,2679,0,0,False,False,none,,False,False,,28.6,11.0,130.0,135.0,True,True,pareto
A4,,,horizon,0,0.1,8,2873,0,0,0,False,False,0,2873,2873,0,0,False,False,none,,False,False,,10.148,7.0,53.0,58.0,True,True,pareto
A4,,,horizon,0,0.1,9,3005,0,0,0,False,False,0,3005,2952,0,0,False,False,none,,False,False,,26.254,10.0,111.0,116.0,True,True,pareto
