pattern,crash_point,crash_round,predicate,lookback,p_lag,seed,source_rows,lost,duplicates,phantoms,corrupt_final,stuck,storage_overhead,rows_read,rows_read_sched,exp_duplicates,exp_regression,exp_corrupt,crash_fired,guard,stall_point,zombie_fired,zombie_fenced,zombie_error,lat_mean,lat_p50,lat_p99,lat_max,final_ok,transient_ok
A4,after_extract,10,horizon,0,0.1,0,2999,0,0,0,False,False,0,3060,3048,0,0,False,True,none,,False,False,,0.0,0.0,0.0,0.0,True,True
A4,after_extract,10,horizon,0,0.1,1,2926,0,0,0,False,False,0,2926,1798,0,0,False,True,none,,False,False,,0.0,0.0,0.0,0.0,True,True
A4,after_extract,10,horizon,0,0.1,2,2908,0,0,0,False,False,0,2908,2908,0,0,False,True,none,,False,False,,0.0,0.0,0.0,0.0,True,True
A4,after_extract,10,horizon,0,0.1,3,2948,0,0,0,False,False,0,2994,2969,0,0,False,True,none,,False,False,,0.0,0.0,0.0,0.0,True,True
A4,after_extract,10,horizon,0,0.1,4,3092,0,0,0,False,False,0,3172,3172,0,0,False,True,none,,False,False,,0.0,0.0,0.0,0.0,True,True
A4,after_extract,10,horizon,0,0.1,5,3064,0,0,0,False,False,0,3619,3612,0,0,False,True,none,,False,False,,0.0,0.0,0.0,0.0,True,True
A4,after_extract,10,horizon,0,0.1,6,3161,0,0,0,False,False,0,3227,2907,0,0,False,True,none,,False,False,,0.0,0.0,0.0,0.0,True,True
A4,after_extract,10,horizon,0,0.1,7,2699,0,0,0,False,False,0,2769,2749,0,0,False,True,none,,False,False,,0.0,0.0,0.0,0.0,True,True
A4,after_extract,10,horizon,0,0.1,8,2873,0,0,0,False,False,0,2952,2952,0,0,False,True,none,,False,False,,0.0,0.0,0.0,0.0,True,True
A4,after_extract,10,horizon,0,0.1,9,3005,0,0,0,False,False,0,3104,3051,0,0,False,True,none,,False,False,,0.0,0.0,0.0,0.0,True,True
A4,after_extract,20,horizon,0,0.1,0,2999,0,0,0,False,False,0,3053,3041,0,0,False,True,none,,False,False,,0.0,0.0,0.0,0.0,True,True
A4,after_extract,20,horizon,0,0.1,1,2926,0,0,0,False,False,0,2926,1798,0,0,False,True,none,,False,False,,0.0,0.0,0.0,0.0,True,True
A4,after_extract,20,horizon,0,0.1,2,2908,0,0,0,False,False,0,3027,3027,0,0,False,True,none,,False,False,,0.0,0.0,0.0,0.0,True,True
A4,after_extract,20,horizon,0,0.1,3,2948,0,0,0,False,False,0,2948,2923,0,0,False,True,none,,False,False,,0.0,0.0,0.0,0.0,True,True
A4,after_extract,20,horizon,0,0.1,4,3092,0,0,0,False,False,0,3157,3157,0,0,False,True,none,,False,False,,0.0,0.0,0.0,0.0,True,True
A4,after_extract,20,horizon,0,0.1,5,3064,0,0,0,False,False,0,3103,3096,0,0,False,True,none,,False,False,,0.0,0.0,0.0,0.0,True,True
A4,after_extract,20,horizon,0,0.1,6,3161,0,0,0,False,False,0,3238,2918,0,0,False,True,none,,False,False,,0.0,0.0,0.0,0.0,True,True
A4,after_extract,20,horizon,0,0.1,7,2699,0,0,0,False,False,0,2699,2679,0,0,False,True,none,,False,False,,0.0,0.0,0.0,0.0,True,True
A4,after_extract,20,horizon,0,0.1,8,2873,0,0,0,False,False,0,2873,2873,0,0,False,True,none,,False,False,,0.0,0.0,0.0,0.0,True,True
A4,after_extract,20,horizon,0,0.1,9,3005,0,0,0,False,False,0,3005,2952,0,0,False,True,none,,False,False,,0.0,0.0,0.0,0.0,True,True
A4,after_extract,30,horizon,0,0.1,0,2999,0,0,0,False,False,0,3084,3072,0,0,False,True,none,,False,False,,0.0,0.0,0.0,0.0,True,True
A4,after_extract,30,horizon,0,0.1,1,2926,0,0,0,False,False,0,2926,1798,0,0,False,True,none,,False,False,,0.0,0.0,0.0,0.0,True,True
A4,after_extract,30,horizon,0,0.1,2,2908,0,0,0,False,False,0,2929,2929,0,0,False,True,none,,False,False,,0.0,0.0,0.0,0.0,True,True
A4,after_extract,30,horizon,0,0.1,3,2948,0,0,0,False,False,0,2948,2923,0,0,False,True,none,,False,False,,0.0,0.0,0.0,0.0,True,True
A4,after_extract,30,horizon,0,0.1,4,3092,0,0,0,False,False,0,3096,3096,0,0,False,True,none,,False,False,,0.0,0.0,0.0,0.0,True,True
A4,after_extract,30,horizon,0,0.1,5,3064,0,0,0,False,False,0,3064,3057,0,0,False,True,none,,False,False,,0.0,0.0,0.0,0.0,True,True
A4,after_extract,30,horizon,0,0.1,6,3161,0,0,0,False,False,0,3211,2891,0,0,False,True,none,,False,False,,0.0,0.0,0.0,0.0,True,True
A4,after_extract,30,horizon,0,0.1,7,2699,0,0,0,False,False,0,2735,2715,0,0,False,True,none,,False,False,,0.0,0.0,0.0,0.0,True,True
A4,after_extract,30,horizon,0,0.1,8,2873,0,0,0,False,False,0,3104,3104,0,0,False,True,none,,False,False,,0.0,0.0,0.0,0.0,True,True
A4,after_extract,30,horizon,0,0.1,9,3005,0,0,0,False,False,0,3005,2952,0,0,False,True,none,,False,False,,0.0,0.0,0.0,0.0,True,True
A4,mid_txn,10,horizon,0,0.1,0,2999,0,0,0,False,False,0,3060,3048,0,0,False,True,none,,False,False,,0.0,0.0,0.0,0.0,True,True
A4,mid_txn,10,horizon,0,0.1,1,2926,0,0,0,False,False,0,2926,1798,0,0,False,True,none,,False,False,,0.0,0.0,0.0,0.0,True,True
A4,mid_txn,10,horizon,0,0.1,2,2908,0,0,0,False,False,0,2908,2908,0,0,False,True,none,,False,False,,0.0,0.0,0.0,0.0,True,True
A4,mid_txn,10,horizon,0,0.1,3,2948,0,0,0,False,False,0,2994,2969,0,0,False,True,none,,False,False,,0.0,0.0,0.0,0.0,True,True
A4,mid_txn,10,horizon,0,0.1,4,3092,0,0,0,False,False,0,3172,3172,0,0,False,True,none,,False,False,,0.0,0.0,0.0,0.0,True,True
A4,mid_txn,10,horizon,0,0.1,5,3064,0,0,0,False,False,0,3619,3612,0,0,False,True,none,,False,False,,0.0,0.0,0.0,0.0,True,True
A4,mid_txn,10,horizon,0,0.1,6,3161,0,0,0,False,False,0,3227,2907,0,0,False,True,none,,False,False,,0.0,0.0,0.0,0.0,True,True
A4,mid_txn,10,horizon,0,0.1,7,2699,0,0,0,False,False,0,2769,2749,0,0,False,True,none,,False,False,,0.0,0.0,0.0,0.0,True,True
A4,mid_txn,10,horizon,0,0.1,8,2873,0,0,0,False,False,0,2952,2952,0,0,False,True,none,,False,False,,0.0,0.0,0.0,0.0,True,True
A4,mid_txn,10,horizon,0,0.1,9,3005,0,0,0,False,False,0,3104,3051,0,0,False,True,none,,False,False,,0.0,0.0,0.0,0.0,True,True
A4,mid_txn,20,horizon,0,0.1,0,2999,0,0,0,False,False,0,3053,3041,0,0,False,True,none,,False,False,,0.0,0.0,0.0,0.0,True,True
A4,mid_txn,20,horizon,0,0.1,1,2926,0,0,0,False,False,0,2926,1798,0,0,False,True,none,,False,False,,0.0,0.0,0.0,0.0,True,True
A4,mid_txn,20,horizon,0,0.1,2,2908,0,0,0,False,False,0,3027,3027,0,0,False,True,none,,False,False,,0.0,0.0,0.0,0.0,True,True
A4,mid_txn,20,horizon,0,0.1,3,2948,0,0,0,False,False,0,2948,2923,0,0,False,True,none,,False,False,,0.0,0.0,0.0,0.0,True,True
A4,mid_txn,20,horizon,0,0.1,4,3092,0,0,0,False,False,0,3157,3157,0,0,False,True,none,,False,False,,0.0,0.0,0.0,0.0,True,True
A4,mid_txn,20,horizon,0,0.1,5,3064,0,0,0,False,False,0,3103,3096,0,0,False,True,none,,False,False,,0.0,0.0,0.0,0.0,True,True
A4,mid_txn,20,horizon,0,0.1,6,3161,0,0,0,False,False,0,3238,2918,0,0,False,True,none,,False,False,,0.0,0.0,0.0,0.0,True,True
A4,mid_txn,20,horizon,0,0.1,7,2699,0,0,0,False,False,0,2699,2679,0,0,False,True,none,,False,False,,0.0,0.0,0.0,0.0,True,True
A4,mid_txn,20,horizon,0,0.1,8,2873,0,0,0,False,False,0,2873,2873,0,0,False,True,none,,False,False,,0.0,0.0,0.0,0.0,True,True
A4,mid_txn,20,horizon,0,0.1,9,3005,0,0,0,False,False,0,3005,2952,0,0,False,True,none,,False,False,,0.0,0.0,0.0,0.0,True,True
A4,mid_txn,30,horizon,0,0.1,0,2999,0,0,0,False,False,0,3084,3072,0,0,False,True,none,,False,False,,0.0,0.0,0.0,0.0,True,True
A4,mid_txn,30,horizon,0,0.1,1,2926,0,0,0,False,False,0,2926,1798,0,0,False,True,none,,False,False,,0.0,0.0,0.0,0.0,True,True
A4,mid_txn,30,horizon,0,0.1,2,2908,0,0,0,False,False,0,2929,2929,0,0,False,True,none,,False,False,,0.0,0.0,0.0,0.0,True,True
A4,mid_txn,30,horizon,0,0.1,3,2948,0,0,0,False,False,0,2948,2923,0,0,False,True,none,,False,False,,0.0,0.0,0.0,0.0,True,True
A4,mid_txn,30,horizon,0,0.1,4,3092,0,0,0,False,False,0,3096,3096,0,0,False,True,none,,False,False,,0.0,0.0,0.0,0.0,True,True
A4,mid_txn,30,horizon,0,0.1,5,3064,0,0,0,False,False,0,3064,3057,0,0,False,True,none,,False,False,,0.0,0.0,0.0,0.0,True,True
A4,mid_txn,30,horizon,0,0.1,6,3161,0,0,0,False,False,0,3211,2891,0,0,False,True,none,,False,False,,0.0,0.0,0.0,0.0,True,True
A4,mid_txn,30,horizon,0,0.1,7,2699,0,0,0,False,False,0,2735,2715,0,0,False,True,none,,False,False,,0.0,0.0,0.0,0.0,True,True
A4,mid_txn,30,horizon,0,0.1,8,2873,0,0,0,False,False,0,3104,3104,0,0,False,True,none,,False,False,,0.0,0.0,0.0,0.0,True,True
A4,mid_txn,30,horizon,0,0.1,9,3005,0,0,0,False,False,0,3005,2952,0,0,False,True,none,,False,False,,0.0,0.0,0.0,0.0,True,True
A4,after_commit,10,horizon,0,0.1,0,2999,0,0,0,False,False,0,2999,2987,0,0,False,True,none,,False,False,,0.0,0.0,0.0,0.0,True,True
A4,after_commit,10,horizon,0,0.1,1,2926,0,0,0,False,False,0,2926,1798,0,0,False,True,none,,False,False,,0.0,0.0,0.0,0.0,True,True
A4,after_commit,10,horizon,0,0.1,2,2908,0,0,0,False,False,0,2908,2908,0,0,False,True,none,,False,False,,0.0,0.0,0.0,0.0,True,True
A4,after_commit,10,horizon,0,0.1,3,2948,0,0,0,False,False,0,2948,2923,0,0,False,True,none,,False,False,,0.0,0.0,0.0,0.0,True,True
A4,after_commit,10,horizon,0,0.1,4,3092,0,0,0,False,False,0,3092,3092,0,0,False,True,none,,False,False,,0.0,0.0,0.0,0.0,True,True
A4,after_commit,10,horizon,0,0.1,5,3064,0,0,0,False,False,0,3064,3057,0,0,False,True,none,,False,False,,0.0,0.0,0.0,0.0,True,True
A4,after_commit,10,horizon,0,0.1,6,3161,0,0,0,False,False,0,3161,2841,0,0,False,True,none,,False,False,,0.0,0.0,0.0,0.0,True,True
A4,after_commit,10,horizon,0,0.1,7,2699,0,0,0,False,False,0,2699,2679,0,0,False,True,none,,False,False,,0.0,0.0,0.0,0.0,True,True
A4,after_commit,10,horizon,0,0.1,8,2873,0,0,0,False,False,0,2873,2873,0,0,False,True,none,,False,False,,0.0,0.0,0.0,0.0,True,True
A4,after_commit,10,horizon,0,0.1,9,3005,0,0,0,False,False,0,3005,2952,0,0,False,True,none,,False,False,,0.0,0.0,0.0,0.0,True,True
A4,after_commit,20,horizon,0,0.1,0,2999,0,0,0,False,False,0,2999,2987,0,0,False,True,none,,False,False,,0.0,0.0,0.0,0.0,True,True
A4,after_commit,20,horizon,0,0.1,1,2926,0,0,0,False,False,0,2926,1798,0,0,False,True,none,,False,False,,0.0,0.0,0.0,0.0,True,True
A4,after_commit,20,horizon,0,0.1,2,2908,0,0,0,False,False,0,2908,2908,0,0,False,True,none,,False,False,,0.0,0.0,0.0,0.0,True,True
A4,after_commit,20,horizon,0,0.1,3,2948,0,0,0,False,False,0,2948,2923,0,0,False,True,none,,False,False,,0.0,0.0,0.0,0.0,True,True
A4,after_commit,20,horizon,0,0.1,4,3092,0,0,0,False,False,0,3092,3092,0,0,False,True,none,,False,False,,0.0,0.0,0.0,0.0,True,True
A4,after_commit,20,horizon,0,0.1,5,3064,0,0,0,False,False,0,3064,3057,0,0,False,True,none,,False,False,,0.0,0.0,0.0,0.0,True,True
A4,after_commit,20,horizon,0,0.1,6,3161,0,0,0,False,False,0,3161,2841,0,0,False,True,none,,False,False,,0.0,0.0,0.0,0.0,True,True
A4,after_commit,20,horizon,0,0.1,7,2699,0,0,0,False,False,0,2699,2679,0,0,False,True,none,,False,False,,0.0,0.0,0.0,0.0,True,True
A4,after_commit,20,horizon,0,0.1,8,2873,0,0,0,False,False,0,2873,2873,0,0,False,True,none,,False,False,,0.0,0.0,0.0,0.0,True,True
A4,after_commit,20,horizon,0,0.1,9,3005,0,0,0,False,False,0,3005,2952,0,0,False,True,none,,False,False,,0.0,0.0,0.0,0.0,True,True
A4,after_commit,30,horizon,0,0.1,0,2999,0,0,0,False,False,0,2999,2987,0,0,False,True,none,,False,False,,0.0,0.0,0.0,0.0,True,True
A4,after_commit,30,horizon,0,0.1,1,2926,0,0,0,False,False,0,2926,1798,0,0,False,True,none,,False,False,,0.0,0.0,0.0,0.0,True,True
A4,after_commit,30,horizon,0,0.1,2,2908,0,0,0,False,False,0,2908,2908,0,0,False,True,none,,False,False,,0.0,0.0,0.0,0.0,True,True
A4,after_commit,30,horizon,0,0.1,3,2948,0,0,0,False,False,0,2948,2923,0,0,False,True,none,,False,False,,0.0,0.0,0.0,0.0,True,True
A4,after_commit,30,horizon,0,0.1,4,3092,0,0,0,False,False,0,3092,3092,0,0,False,True,none,,False,False,,0.0,0.0,0.0,0.0,True,True
A4,after_commit,30,horizon,0,0.1,5,3064,0,0,0,False,False,0,3064,3057,0,0,False,True,none,,False,False,,0.0,0.0,0.0,0.0,True,True
A4,after_commit,30,horizon,0,0.1,6,3161,0,0,0,False,False,0,3161,2841,0,0,False,True,none,,False,False,,0.0,0.0,0.0,0.0,True,True
A4,after_commit,30,horizon,0,0.1,7,2699,0,0,0,False,False,0,2699,2679,0,0,False,True,none,,False,False,,0.0,0.0,0.0,0.0,True,True
A4,after_commit,30,horizon,0,0.1,8,2873,0,0,0,False,False,0,2873,2873,0,0,False,True,none,,False,False,,0.0,0.0,0.0,0.0,True,True
A4,after_commit,30,horizon,0,0.1,9,3005,0,0,0,False,False,0,3005,2952,0,0,False,True,none,,False,False,,0.0,0.0,0.0,0.0,True,True
F2,after_extract,10,horizon,0,0.1,0,2999,0,0,0,False,False,0,3060,3048,0,0,False,True,none,,False,False,,0.0,0.0,0.0,0.0,True,True
F2,after_extract,10,horizon,0,0.1,1,2926,0,0,0,False,False,0,2926,1798,0,0,False,True,none,,False,False,,0.0,0.0,0.0,0.0,True,True
F2,after_extract,10,horizon,0,0.1,2,2908,0,0,0,False,False,0,2908,2908,0,0,False,True,none,,False,False,,0.0,0.0,0.0,0.0,True,True
F2,after_extract,10,horizon,0,0.1,3,2948,0,0,0,False,False,0,2994,2969,0,0,False,True,none,,False,False,,0.0,0.0,0.0,0.0,True,True
F2,after_extract,10,horizon,0,0.1,4,3092,0,0,0,False,False,0,3172,3172,0,0,False,True,none,,False,False,,0.0,0.0,0.0,0.0,True,True
F2,after_extract,10,horizon,0,0.1,5,3064,0,0,0,False,False,0,3619,3612,0,0,False,True,none,,False,False,,0.0,0.0,0.0,0.0,True,True
F2,after_extract,10,horizon,0,0.1,6,3161,0,0,0,False,False,0,3227,2907,0,0,False,True,none,,False,False,,0.0,0.0,0.0,0.0,True,True
F2,after_extract,10,horizon,0,0.1,7,2699,0,0,0,False,False,0,2769,2749,0,0,False,True,none,,False,False,,0.0,0.0,0.0,0.0,True,True
F2,after_extract,10,horizon,0,0.1,8,2873,0,0,0,False,False,0,2952,2952,0,0,False,True,none,,False,False,,0.0,0.0,0.0,0.0,True,True
F2,after_extract,10,horizon,0,0.1,9,3005,0,0,0,False,False,0,3104,3051,0,0,False,True,none,,False,False,,0.0,0.0,0.0,0.0,True,True
F2,after_extract,20,horizon,0,0.1,0,2999,0,0,0,False,False,0,3053,3041,0,0,False,True,none,,False,False,,0.0,0.0,0.0,0.0,True,True
F2,after_extract,20,horizon,0,0.1,1,2926,0,0,0,False,False,0,2926,1798,0,0,False,True,none,,False,False,,0.0,0.0,0.0,0.0,True,True
F2,after_extract,20,horizon,0,0.1,2,2908,0,0,0,False,False,0,3027,3027,0,0,False,True,none,,False,False,,0.0,0.0,0.0,0.0,True,True
F2,after_extract,20,horizon,0,0.1,3,2948,0,0,0,False,False,0,2948,2923,0,0,False,True,none,,False,False,,0.0,0.0,0.0,0.0,True,True
F2,after_extract,20,horizon,0,0.1,4,3092,0,0,0,False,False,0,3157,3157,0,0,False,True,none,,False,False,,0.0,0.0,0.0,0.0,True,True
F2,after_extract,20,horizon,0,0.1,5,3064,0,0,0,False,False,0,3103,3096,0,0,False,True,none,,False,False,,0.0,0.0,0.0,0.0,True,True
F2,after_extract,20,horizon,0,0.1,6,3161,0,0,0,False,False,0,3238,2918,0,0,False,True,none,,False,False,,0.0,0.0,0.0,0.0,True,True
F2,after_extract,20,horizon,0,0.1,7,2699,0,0,0,False,False,0,2699,2679,0,0,False,True,none,,False,False,,0.0,0.0,0.0,0.0,True,True
F2,after_extract,20,horizon,0,0.1,8,2873,0,0,0,False,False,0,2873,2873,0,0,False,True,none,,False,False,,0.0,0.0,0.0,0.0,True,True
F2,after_extract,20,horizon,0,0.1,9,3005,0,0,0,False,False,0,3005,2952,0,0,False,True,none,,False,False,,0.0,0.0,0.0,0.0,True,True
F2,after_extract,30,horizon,0,0.1,0,2999,0,0,0,False,False,0,3084,3072,0,0,False,True,none,,False,False,,0.0,0.0,0.0,0.0,True,True
F2,after_extract,30,horizon,0,0.1,1,2926,0,0,0,False,False,0,2926,1798,0,0,False,True,none,,False,False,,0.0,0.0,0.0,0.0,True,True
F2,after_extract,30,horizon,0,0.1,2,2908,0,0,0,False,False,0,2929,2929,0,0,False,True,none,,False,False,,0.0,0.0,0.0,0.0,True,True
F2,after_extract,30,horizon,0,0.1,3,2948,0,0,0,False,False,0,2948,2923,0,0,False,True,none,,False,False,,0.0,0.0,0.0,0.0,True,True
F2,after_extract,30,horizon,0,0.1,4,3092,0,0,0,False,False,0,3096,3096,0,0,False,True,none,,False,False,,0.0,0.0,0.0,0.0,True,True
F2,after_extract,30,horizon,0,0.1,5,3064,0,0,0,False,False,0,3064,3057,0,0,False,True,none,,False,False,,0.0,0.0,0.0,0.0,True,True
F2,after_extract,30,horizon,0,0.1,6,3161,0,0,0,False,False,0,3211,2891,0,0,False,True,none,,False,False,,0.0,0.0,0.0,0.0,True,True
F2,after_extract,30,horizon,0,0.1,7,2699,0,0,0,False,False,0,2735,2715,0,0,False,True,none,,False,False,,0.0,0.0,0.0,0.0,True,True
F2,after_extract,30,horizon,0,0.1,8,2873,0,0,0,False,False,0,3104,3104,0,0,False,True,none,,False,False,,0.0,0.0,0.0,0.0,True,True
F2,after_extract,30,horizon,0,0.1,9,3005,0,0,0,False,False,0,3005,2952,0,0,False,True,none,,False,False,,0.0,0.0,0.0,0.0,True,True
F2,mid_file_write,10,horizon,0,0.1,0,2999,0,0,0,False,False,30,3060,3048,0,0,False,True,none,,False,False,,0.0,0.0,0.0,0.0,True,True
F2,mid_file_write,10,horizon,0,0.1,1,2926,0,0,0,False,False,0,2926,1798,0,0,False,False,none,,False,False,,0.0,0.0,0.0,0.0,True,True
F2,mid_file_write,10,horizon,0,0.1,2,2908,0,0,0,False,False,0,2908,2908,0,0,False,False,none,,False,False,,0.0,0.0,0.0,0.0,True,True
F2,mid_file_write,10,horizon,0,0.1,3,2948,0,0,0,False,False,23,2994,2969,0,0,False,True,none,,False,False,,0.0,0.0,0.0,0.0,True,True
F2,mid_file_write,10,horizon,0,0.1,4,3092,0,0,0,False,False,40,3172,3172,0,0,False,True,none,,False,False,,0.0,0.0,0.0,0.0,True,True
F2,mid_file_write,10,horizon,0,0.1,5,3064,0,0,0,False,False,277,3619,3612,0,0,False,True,none,,False,False,,0.0,0.0,0.0,0.0,True,True
F2,mid_file_write,10,horizon,0,0.1,6,3161,0,0,0,False,False,33,3227,2907,0,0,False,True,none,,False,False,,0.0,0.0,0.0,0.0,True,True
F2,mid_file_write,10,horizon,0,0.1,7,2699,0,0,0,False,False,34,2769,2749,0,0,False,True,none,,False,False,,0.0,0.0,0.0,0.0,True,True
F2,mid_file_write,10,horizon,0,0.1,8,2873,0,0,0,False,False,39,2952,2952,0,0,False,True,none,,False,False,,0.0,0.0,0.0,0.0,True,True
F2,mid_file_write,10,horizon,0,0.1,9,3005,0,0,0,False,False,49,3104,3051,0,0,False,True,none,,False,False,,0.0,0.0,0.0,0.0,True,True
F2,mid_file_write,20,horizon,0,0.1,0,2999,0,0,0,False,False,26,3053,3041,0,0,False,True,none,,False,False,,0.0,0.0,0.0,0.0,True,True
F2,mid_file_write,20,horizon,0,0.1,1,2926,0,0,0,False,False,0,2926,1798,0,0,False,False,none,,False,False,,0.0,0.0,0.0,0.0,True,True
F2,mid_file_write,20,horizon,0,0.1,2,2908,0,0,0,False,False,59,3027,3027,0,0,False,True,none,,False,False,,0.0,0.0,0.0,0.0,True,True
F2,mid_file_write,20,horizon,0,0.1,3,2948,0,0,0,False,False,0,2948,2923,0,0,False,False,none,,False,False,,0.0,0.0,0.0,0.0,True,True
F2,mid_file_write,20,horizon,0,0.1,4,3092,0,0,0,False,False,32,3157,3157,0,0,False,True,none,,False,False,,0.0,0.0,0.0,0.0,True,True
F2,mid_file_write,20,horizon,0,0.1,5,3064,0,0,0,False,False,19,3103,3096,0,0,False,True,none,,False,False,,0.0,0.0,0.0,0.0,True,True
F2,mid_file_write,20,horizon,0,0.1,6,3161,0,0,0,False,False,38,3238,2918,0,0,False,True,none,,False,False,,0.0,0.0,0.0,0.0,True,True
F2,mid_file_write,20,horizon,0,0.1,7,2699,0,0,0,False,False,0,2699,2679,0,0,False,False,none,,False,False,,0.0,0.0,0.0,0.0,True,True
F2,mid_file_write,20,horizon,0,0.1,8,2873,0,0,0,False,False,0,2873,2873,0,0,False,False,none,,False,False,,0.0,0.0,0.0,0.0,True,True
F2,mid_file_write,20,horizon,0,0.1,9,3005,0,0,0,False,False,0,3005,2952,0,0,False,False,none,,False,False,,0.0,0.0,0.0,0.0,True,True
F2,mid_file_write,30,horizon,0,0.1,0,2999,0,0,0,False,False,42,3084,3072,0,0,False,True,none,,False,False,,0.0,0.0,0.0,0.0,True,True
F2,mid_file_write,30,horizon,0,0.1,1,2926,0,0,0,False,False,0,2926,1798,0,0,False,False,none,,False,False,,0.0,0.0,0.0,0.0,True,True
F2,mid_file_write,30,horizon,0,0.1,2,2908,0,0,0,False,False,10,2929,2929,0,0,False,True,none,,False,False,,0.0,0.0,0.0,0.0,True,True
F2,mid_file_write,30,horizon,0,0.1,3,2948,0,0,0,False,False,0,2948,2923,0,0,False,False,none,,False,False,,0.0,0.0,0.0,0.0,True,True
F2,mid_file_write,30,horizon,0,0.1,4,3092,0,0,0,False,False,2,3096,3096,0,0,False,True,none,,False,False,,0.0,0.0,0.0,0.0,True,True
F2,mid_file_write,30,horizon,0,0.1,5,3064,0,0,0,False,False,0,3064,3057,0,0,False,False,none,,False,False,,0.0,0.0,0.0,0.0,True,True
F2,mid_file_write,30,horizon,0,0.1,6,3161,0,0,0,False,False,25,3211,2891,0,0,False,True,none,,False,False,,0.0,0.0,0.0,0.0,True,True
F2,mid_file_write,30,horizon,0,0.1,7,2699,0,0,0,False,False,18,2735,2715,0,0,False,True,none,,False,False,,0.0,0.0,0.0,0.0,True,True
F2,mid_file_write,30,horizon,0,0.1,8,2873,0,0,0,False,False,115,3104,3104,0,0,False,True,none,,False,False,,0.0,0.0,0.0,0.0,True,True
F2,mid_file_write,30,horizon,0,0.1,9,3005,0,0,0,False,False,0,3005,2952,0,0,False,False,none,,False,False,,0.0,0.0,0.0,0.0,True,True
F2,after_file_write,10,horizon,0,0.1,0,2999,0,0,0,False,False,61,3060,3048,0,0,False,True,none,,False,False,,0.0,0.0,0.0,0.0,True,True
F2,after_file_write,10,horizon,0,0.1,1,2926,0,0,0,False,False,0,2926,1798,0,0,False,True,none,,False,False,,0.0,0.0,0.0,0.0,True,True
F2,after_file_write,10,horizon,0,0.1,2,2908,0,0,0,False,False,0,2908,2908,0,0,False,True,none,,False,False,,0.0,0.0,0.0,0.0,True,True
F2,after_file_write,10,horizon,0,0.1,3,2948,0,0,0,False,False,46,2994,2969,0,0,False,True,none,,False,False,,0.0,0.0,0.0,0.0,True,True
F2,after_file_write,10,horizon,0,0.1,4,3092,0,0,0,False,False,80,3172,3172,0,0,False,True,none,,False,False,,0.0,0.0,0.0,0.0,True,True
F2,after_file_write,10,horizon,0,0.1,5,3064,0,0,0,False,False,555,3619,3612,0,0,False,True,none,,False,False,,0.0,0.0,0.0,0.0,True,True
F2,after_file_write,10,horizon,0,0.1,6,3161,0,0,0,False,False,66,3227,2907,0,0,False,True,none,,False,False,,0.0,0.0,0.0,0.0,True,True
F2,after_file_write,10,horizon,0,0.1,7,2699,0,0,0,False,False,70,2769,2749,0,0,False,True,none,,False,False,,0.0,0.0,0.0,0.0,True,True
F2,after_file_write,10,horizon,0,0.1,8,2873,0,0,0,False,False,79,2952,2952,0,0,False,True,none,,False,False,,0.0,0.0,0.0,0.0,True,True
F2,after_file_write,10,horizon,0,0.1,9,3005,0,0,0,False,False,99,3104,3051,0,0,False,True,none,,False,False,,0.0,0.0,0.0,0.0,True,True
F2,after_file_write,20,horizon,0,0.1,0,2999,0,0,0,False,False,54,3053,3041,0,0,False,True,none,,False,False,,0.0,0.0,0.0,0.0,True,True
F2,after_file_write,20,horizon,0,0.1,1,2926,0,0,0,False,False,0,2926,1798,0,0,False,True,none,,False,False,,0.0,0.0,0.0,0.0,True,True
F2,after_file_write,20,horizon,0,0.1,2,2908,0,0,0,False,False,119,3027,3027,0,0,False,True,none,,False,False,,0.0,0.0,0.0,0.0,True,True
F2,after_file_write,20,horizon,0,0.1,3,2948,0,0,0,False,False,0,2948,2923,0,0,False,True,none,,False,False,,0.0,0.0,0.0,0.0,True,True
F2,after_file_write,20,horizon,0,0.1,4,3092,0,0,0,False,False,65,3157,3157,0,0,False,True,none,,False,False,,0.0,0.0,0.0,0.0,True,True
F2,after_file_write,20,horizon,0,0.1,5,3064,0,0,0,False,False,39,3103,3096,0,0,False,True,none,,False,False,,0.0,0.0,0.0,0.0,True,True
F2,after_file_write,20,horizon,0,0.1,6,3161,0,0,0,False,False,77,3238,2918,0,0,False,True,none,,False,False,,0.0,0.0,0.0,0.0,True,True
F2,after_file_write,20,horizon,0,0.1,7,2699,0,0,0,False,False,0,2699,2679,0,0,False,True,none,,False,False,,0.0,0.0,0.0,0.0,True,True
F2,after_file_write,20,horizon,0,0.1,8,2873,0,0,0,False,False,0,2873,2873,0,0,False,True,none,,False,False,,0.0,0.0,0.0,0.0,True,True
F2,after_file_write,20,horizon,0,0.1,9,3005,0,0,0,False,False,0,3005,2952,0,0,False,True,none,,False,False,,0.0,0.0,0.0,0.0,True,True
F2,after_file_write,30,horizon,0,0.1,0,2999,0,0,0,False,False,85,3084,3072,0,0,False,True,none,,False,False,,0.0,0.0,0.0,0.0,True,True
F2,after_file_write,30,horizon,0,0.1,1,2926,0,0,0,False,False,0,2926,1798,0,0,False,True,none,,False,False,,0.0,0.0,0.0,0.0,True,True
F2,after_file_write,30,horizon,0,0.1,2,2908,0,0,0,False,False,21,2929,2929,0,0,False,True,none,,False,False,,0.0,0.0,0.0,0.0,True,True
F2,after_file_write,30,horizon,0,0.1,3,2948,0,0,0,False,False,0,2948,2923,0,0,False,True,none,,False,False,,0.0,0.0,0.0,0.0,True,True
F2,after_file_write,30,horizon,0,0.1,4,3092,0,0,0,False,False,4,3096,3096,0,0,False,True,none,,False,False,,0.0,0.0,0.0,0.0,True,True
F2,after_file_write,30,horizon,0,0.1,5,3064,0,0,0,False,False,0,3064,3057,0,0,False,True,none,,False,False,,0.0,0.0,0.0,0.0,True,True
F2,after_file_write,30,horizon,0,0.1,6,3161,0,0,0,False,False,50,3211,2891,0,0,False,True,none,,False,False,,0.0,0.0,0.0,0.0,True,True
F2,after_file_write,30,horizon,0,0.1,7,2699,0,0,0,False,False,36,2735,2715,0,0,False,True,none,,False,False,,0.0,0.0,0.0,0.0,True,True
F2,after_file_write,30,horizon,0,0.1,8,2873,0,0,0,False,False,231,3104,3104,0,0,False,True,none,,False,False,,0.0,0.0,0.0,0.0,True,True
F2,after_file_write,30,horizon,0,0.1,9,3005,0,0,0,False,False,0,3005,2952,0,0,False,True,none,,False,False,,0.0,0.0,0.0,0.0,True,True
F2,after_manifest_tmp,10,horizon,0,0.1,0,2999,0,0,0,False,False,61,3060,3048,0,0,False,True,none,,False,False,,0.0,0.0,0.0,0.0,True,True
F2,after_manifest_tmp,10,horizon,0,0.1,1,2926,0,0,0,False,False,0,2926,1798,0,0,False,True,none,,False,False,,0.0,0.0,0.0,0.0,True,True
F2,after_manifest_tmp,10,horizon,0,0.1,2,2908,0,0,0,False,False,0,2908,2908,0,0,False,True,none,,False,False,,0.0,0.0,0.0,0.0,True,True
F2,after_manifest_tmp,10,horizon,0,0.1,3,2948,0,0,0,False,False,46,2994,2969,0,0,False,True,none,,False,False,,0.0,0.0,0.0,0.0,True,True
F2,after_manifest_tmp,10,horizon,0,0.1,4,3092,0,0,0,False,False,80,3172,3172,0,0,False,True,none,,False,False,,0.0,0.0,0.0,0.0,True,True
F2,after_manifest_tmp,10,horizon,0,0.1,5,3064,0,0,0,False,False,555,3619,3612,0,0,False,True,none,,False,False,,0.0,0.0,0.0,0.0,True,True
F2,after_manifest_tmp,10,horizon,0,0.1,6,3161,0,0,0,False,False,66,3227,2907,0,0,False,True,none,,False,False,,0.0,0.0,0.0,0.0,True,True
F2,after_manifest_tmp,10,horizon,0,0.1,7,2699,0,0,0,False,False,70,2769,2749,0,0,False,True,none,,False,False,,0.0,0.0,0.0,0.0,True,True
F2,after_manifest_tmp,10,horizon,0,0.1,8,2873,0,0,0,False,False,79,2952,2952,0,0,False,True,none,,False,False,,0.0,0.0,0.0,0.0,True,True
F2,after_manifest_tmp,10,horizon,0,0.1,9,3005,0,0,0,False,False,99,3104,3051,0,0,False,True,none,,False,False,,0.0,0.0,0.0,0.0,True,True
F2,after_manifest_tmp,20,horizon,0,0.1,0,2999,0,0,0,False,False,54,3053,3041,0,0,False,True,none,,False,False,,0.0,0.0,0.0,0.0,True,True
F2,after_manifest_tmp,20,horizon,0,0.1,1,2926,0,0,0,False,False,0,2926,1798,0,0,False,True,none,,False,False,,0.0,0.0,0.0,0.0,True,True
F2,after_manifest_tmp,20,horizon,0,0.1,2,2908,0,0,0,False,False,119,3027,3027,0,0,False,True,none,,False,False,,0.0,0.0,0.0,0.0,True,True
F2,after_manifest_tmp,20,horizon,0,0.1,3,2948,0,0,0,False,False,0,2948,2923,0,0,False,True,none,,False,False,,0.0,0.0,0.0,0.0,True,True
F2,after_manifest_tmp,20,horizon,0,0.1,4,3092,0,0,0,False,False,65,3157,3157,0,0,False,True,none,,False,False,,0.0,0.0,0.0,0.0,True,True
F2,after_manifest_tmp,20,horizon,0,0.1,5,3064,0,0,0,False,False,39,3103,3096,0,0,False,True,none,,False,False,,0.0,0.0,0.0,0.0,True,True
F2,after_manifest_tmp,20,horizon,0,0.1,6,3161,0,0,0,False,False,77,3238,2918,0,0,False,True,none,,False,False,,0.0,0.0,0.0,0.0,True,True
F2,after_manifest_tmp,20,horizon,0,0.1,7,2699,0,0,0,False,False,0,2699,2679,0,0,False,True,none,,False,False,,0.0,0.0,0.0,0.0,True,True
F2,after_manifest_tmp,20,horizon,0,0.1,8,2873,0,0,0,False,False,0,2873,2873,0,0,False,True,none,,False,False,,0.0,0.0,0.0,0.0,True,True
F2,after_manifest_tmp,20,horizon,0,0.1,9,3005,0,0,0,False,False,0,3005,2952,0,0,False,True,none,,False,False,,0.0,0.0,0.0,0.0,True,True
F2,after_manifest_tmp,30,horizon,0,0.1,0,2999,0,0,0,False,False,85,3084,3072,0,0,False,True,none,,False,False,,0.0,0.0,0.0,0.0,True,True
F2,after_manifest_tmp,30,horizon,0,0.1,1,2926,0,0,0,False,False,0,2926,1798,0,0,False,True,none,,False,False,,0.0,0.0,0.0,0.0,True,True
F2,after_manifest_tmp,30,horizon,0,0.1,2,2908,0,0,0,False,False,21,2929,2929,0,0,False,True,none,,False,False,,0.0,0.0,0.0,0.0,True,True
F2,after_manifest_tmp,30,horizon,0,0.1,3,2948,0,0,0,False,False,0,2948,2923,0,0,False,True,none,,False,False,,0.0,0.0,0.0,0.0,True,True
F2,after_manifest_tmp,30,horizon,0,0.1,4,3092,0,0,0,False,False,4,3096,3096,0,0,False,True,none,,False,False,,0.0,0.0,0.0,0.0,True,True
F2,after_manifest_tmp,30,horizon,0,0.1,5,3064,0,0,0,False,False,0,3064,3057,0,0,False,True,none,,False,False,,0.0,0.0,0.0,0.0,True,True
F2,after_manifest_tmp,30,horizon,0,0.1,6,3161,0,0,0,False,False,50,3211,2891,0,0,False,True,none,,False,False,,0.0,0.0,0.0,0.0,True,True
F2,after_manifest_tmp,30,horizon,0,0.1,7,2699,0,0,0,False,False,36,2735,2715,0,0,False,True,none,,False,False,,0.0,0.0,0.0,0.0,True,True
F2,after_manifest_tmp,30,horizon,0,0.1,8,2873,0,0,0,False,False,231,3104,3104,0,0,False,True,none,,False,False,,0.0,0.0,0.0,0.0,True,True
F2,after_manifest_tmp,30,horizon,0,0.1,9,3005,0,0,0,False,False,0,3005,2952,0,0,False,True,none,,False,False,,0.0,0.0,0.0,0.0,True,True
F2,after_commit,10,horizon,0,0.1,0,2999,0,0,0,False,False,0,2999,2987,0,0,False,True,none,,False,False,,0.0,0.0,0.0,0.0,True,True
F2,after_commit,10,horizon,0,0.1,1,2926,0,0,0,False,False,0,2926,1798,0,0,False,True,none,,False,False,,0.0,0.0,0.0,0.0,True,True
F2,after_commit,10,horizon,0,0.1,2,2908,0,0,0,False,False,0,2908,2908,0,0,False,True,none,,False,False,,0.0,0.0,0.0,0.0,True,True
F2,after_commit,10,horizon,0,0.1,3,2948,0,0,0,False,False,0,2948,2923,0,0,False,True,none,,False,False,,0.0,0.0,0.0,0.0,True,True
F2,after_commit,10,horizon,0,0.1,4,3092,0,0,0,False,False,0,3092,3092,0,0,False,True,none,,False,False,,0.0,0.0,0.0,0.0,True,True
F2,after_commit,10,horizon,0,0.1,5,3064,0,0,0,False,False,0,3064,3057,0,0,False,True,none,,False,False,,0.0,0.0,0.0,0.0,True,True
F2,after_commit,10,horizon,0,0.1,6,3161,0,0,0,False,False,0,3161,2841,0,0,False,True,none,,False,False,,0.0,0.0,0.0,0.0,True,True
F2,after_commit,10,horizon,0,0.1,7,2699,0,0,0,False,False,0,2699,2679,0,0,False,True,none,,False,False,,0.0,0.0,0.0,0.0,True,True
F2,after_commit,10,horizon,0,0.1,8,2873,0,0,0,False,False,0,2873,2873,0,0,False,True,none,,False,False,,0.0,0.0,0.0,0.0,True,True
F2,after_commit,10,horizon,0,0.1,9,3005,0,0,0,False,False,0,3005,2952,0,0,False,True,none,,False,False,,0.0,0.0,0.0,0.0,True,True
F2,after_commit,20,horizon,0,0.1,0,2999,0,0,0,False,False,0,2999,2987,0,0,False,True,none,,False,False,,0.0,0.0,0.0,0.0,True,True
F2,after_commit,20,horizon,0,0.1,1,2926,0,0,0,False,False,0,2926,1798,0,0,False,True,none,,False,False,,0.0,0.0,0.0,0.0,True,True
F2,after_commit,20,horizon,0,0.1,2,2908,0,0,0,False,False,0,2908,2908,0,0,False,True,none,,False,False,,0.0,0.0,0.0,0.0,True,True
F2,after_commit,20,horizon,0,0.1,3,2948,0,0,0,False,False,0,2948,2923,0,0,False,True,none,,False,False,,0.0,0.0,0.0,0.0,True,True
F2,after_commit,20,horizon,0,0.1,4,3092,0,0,0,False,False,0,3092,3092,0,0,False,True,none,,False,False,,0.0,0.0,0.0,0.0,True,True
F2,after_commit,20,horizon,0,0.1,5,3064,0,0,0,False,False,0,3064,3057,0,0,False,True,none,,False,False,,0.0,0.0,0.0,0.0,True,True
F2,after_commit,20,horizon,0,0.1,6,3161,0,0,0,False,False,0,3161,2841,0,0,False,True,none,,False,False,,0.0,0.0,0.0,0.0,True,True
F2,after_commit,20,horizon,0,0.1,7,2699,0,0,0,False,False,0,2699,2679,0,0,False,True,none,,False,False,,0.0,0.0,0.0,0.0,True,True
F2,after_commit,20,horizon,0,0.1,8,2873,0,0,0,False,False,0,2873,2873,0,0,False,True,none,,False,False,,0.0,0.0,0.0,0.0,True,True
F2,after_commit,20,horizon,0,0.1,9,3005,0,0,0,False,False,0,3005,2952,0,0,False,True,none,,False,False,,0.0,0.0,0.0,0.0,True,True
F2,after_commit,30,horizon,0,0.1,0,2999,0,0,0,False,False,0,2999,2987,0,0,False,True,none,,False,False,,0.0,0.0,0.0,0.0,True,True
F2,after_commit,30,horizon,0,0.1,1,2926,0,0,0,False,False,0,2926,1798,0,0,False,True,none,,False,False,,0.0,0.0,0.0,0.0,True,True
F2,after_commit,30,horizon,0,0.1,2,2908,0,0,0,False,False,0,2908,2908,0,0,False,True,none,,False,False,,0.0,0.0,0.0,0.0,True,True
F2,after_commit,30,horizon,0,0.1,3,2948,0,0,0,False,False,0,2948,2923,0,0,False,True,none,,False,False,,0.0,0.0,0.0,0.0,True,True
F2,after_commit,30,horizon,0,0.1,4,3092,0,0,0,False,False,0,3092,3092,0,0,False,True,none,,False,False,,0.0,0.0,0.0,0.0,True,True
F2,after_commit,30,horizon,0,0.1,5,3064,0,0,0,False,False,0,3064,3057,0,0,False,True,none,,False,False,,0.0,0.0,0.0,0.0,True,True
F2,after_commit,30,horizon,0,0.1,6,3161,0,0,0,False,False,0,3161,2841,0,0,False,True,none,,False,False,,0.0,0.0,0.0,0.0,True,True
F2,after_commit,30,horizon,0,0.1,7,2699,0,0,0,False,False,0,2699,2679,0,0,False,True,none,,False,False,,0.0,0.0,0.0,0.0,True,True
F2,after_commit,30,horizon,0,0.1,8,2873,0,0,0,False,False,0,2873,2873,0,0,False,True,none,,False,False,,0.0,0.0,0.0,0.0,True,True
F2,after_commit,30,horizon,0,0.1,9,3005,0,0,0,False,False,0,3005,2952,0,0,False,True,none,,False,False,,0.0,0.0,0.0,0.0,True,True
F4,after_extract,10,horizon,0,0.1,0,2999,0,0,0,False,False,0,3060,3048,0,0,False,True,none,,False,False,,0.0,0.0,0.0,0.0,True,True
F4,after_extract,10,horizon,0,0.1,1,2926,0,0,0,False,False,0,2926,1798,0,0,False,True,none,,False,False,,0.0,0.0,0.0,0.0,True,True
F4,after_extract,10,horizon,0,0.1,2,2908,0,0,0,False,False,0,2908,2908,0,0,False,True,none,,False,False,,0.0,0.0,0.0,0.0,True,True
F4,after_extract,10,horizon,0,0.1,3,2948,0,0,0,False,False,0,2994,2969,0,0,False,True,none,,False,False,,0.0,0.0,0.0,0.0,True,True
F4,after_extract,10,horizon,0,0.1,4,3092,0,0,0,False,False,0,3172,3172,0,0,False,True,none,,False,False,,0.0,0.0,0.0,0.0,True,True
F4,after_extract,10,horizon,0,0.1,5,3064,0,0,0,False,False,0,3619,3612,0,0,False,True,none,,False,False,,0.0,0.0,0.0,0.0,True,True
F4,after_extract,10,horizon,0,0.1,6,3161,0,0,0,False,False,0,3227,2907,0,0,False,True,none,,False,False,,0.0,0.0,0.0,0.0,True,True
F4,after_extract,10,horizon,0,0.1,7,2699,0,0,0,False,False,0,2769,2749,0,0,False,True,none,,False,False,,0.0,0.0,0.0,0.0,True,True
F4,after_extract,10,horizon,0,0.1,8,2873,0,0,0,False,False,0,2952,2952,0,0,False,True,none,,False,False,,0.0,0.0,0.0,0.0,True,True
F4,after_extract,10,horizon,0,0.1,9,3005,0,0,0,False,False,0,3104,3051,0,0,False,True,none,,False,False,,0.0,0.0,0.0,0.0,True,True
F4,after_extract,20,horizon,0,0.1,0,2999,0,0,0,False,False,0,3053,3041,0,0,False,True,none,,False,False,,0.0,0.0,0.0,0.0,True,True
F4,after_extract,20,horizon,0,0.1,1,2926,0,0,0,False,False,0,2926,1798,0,0,False,True,none,,False,False,,0.0,0.0,0.0,0.0,True,True
F4,after_extract,20,horizon,0,0.1,2,2908,0,0,0,False,False,0,3027,3027,0,0,False,True,none,,False,False,,0.0,0.0,0.0,0.0,True,True
F4,after_extract,20,horizon,0,0.1,3,2948,0,0,0,False,False,0,2948,2923,0,0,False,True,none,,False,False,,0.0,0.0,0.0,0.0,True,True
F4,after_extract,20,horizon,0,0.1,4,3092,0,0,0,False,False,0,3157,3157,0,0,False,True,none,,False,False,,0.0,0.0,0.0,0.0,True,True
F4,after_extract,20,horizon,0,0.1,5,3064,0,0,0,False,False,0,3103,3096,0,0,False,True,none,,False,False,,0.0,0.0,0.0,0.0,True,True
F4,after_extract,20,horizon,0,0.1,6,3161,0,0,0,False,False,0,3238,2918,0,0,False,True,none,,False,False,,0.0,0.0,0.0,0.0,True,True
F4,after_extract,20,horizon,0,0.1,7,2699,0,0,0,False,False,0,2699,2679,0,0,False,True,none,,False,False,,0.0,0.0,0.0,0.0,True,True
F4,after_extract,20,horizon,0,0.1,8,2873,0,0,0,False,False,0,2873,2873,0,0,False,True,none,,False,False,,0.0,0.0,0.0,0.0,True,True
F4,after_extract,20,horizon,0,0.1,9,3005,0,0,0,False,False,0,3005,2952,0,0,False,True,none,,False,False,,0.0,0.0,0.0,0.0,True,True
F4,after_extract,30,horizon,0,0.1,0,2999,0,0,0,False,False,0,3084,3072,0,0,False,True,none,,False,False,,0.0,0.0,0.0,0.0,True,True
F4,after_extract,30,horizon,0,0.1,1,2926,0,0,0,False,False,0,2926,1798,0,0,False,True,none,,False,False,,0.0,0.0,0.0,0.0,True,True
F4,after_extract,30,horizon,0,0.1,2,2908,0,0,0,False,False,0,2929,2929,0,0,False,True,none,,False,False,,0.0,0.0,0.0,0.0,True,True
F4,after_extract,30,horizon,0,0.1,3,2948,0,0,0,False,False,0,2948,2923,0,0,False,True,none,,False,False,,0.0,0.0,0.0,0.0,True,True
F4,after_extract,30,horizon,0,0.1,4,3092,0,0,0,False,False,0,3096,3096,0,0,False,True,none,,False,False,,0.0,0.0,0.0,0.0,True,True
F4,after_extract,30,horizon,0,0.1,5,3064,0,0,0,False,False,0,3064,3057,0,0,False,True,none,,False,False,,0.0,0.0,0.0,0.0,True,True
F4,after_extract,30,horizon,0,0.1,6,3161,0,0,0,False,False,0,3211,2891,0,0,False,True,none,,False,False,,0.0,0.0,0.0,0.0,True,True
F4,after_extract,30,horizon,0,0.1,7,2699,0,0,0,False,False,0,2735,2715,0,0,False,True,none,,False,False,,0.0,0.0,0.0,0.0,True,True
F4,after_extract,30,horizon,0,0.1,8,2873,0,0,0,False,False,0,3104,3104,0,0,False,True,none,,False,False,,0.0,0.0,0.0,0.0,True,True
F4,after_extract,30,horizon,0,0.1,9,3005,0,0,0,False,False,0,3005,2952,0,0,False,True,none,,False,False,,0.0,0.0,0.0,0.0,True,True
F4,mid_file_write,10,horizon,0,0.1,0,2999,0,0,0,False,False,30,3060,3048,0,0,False,True,none,,False,False,,0.0,0.0,0.0,0.0,True,True
F4,mid_file_write,10,horizon,0,0.1,1,2926,0,0,0,False,False,0,2926,1798,0,0,False,False,none,,False,False,,0.0,0.0,0.0,0.0,True,True
F4,mid_file_write,10,horizon,0,0.1,2,2908,0,0,0,False,False,0,2908,2908,0,0,False,False,none,,False,False,,0.0,0.0,0.0,0.0,True,True
F4,mid_file_write,10,horizon,0,0.1,3,2948,0,0,0,False,False,23,2994,2969,0,0,False,True,none,,False,False,,0.0,0.0,0.0,0.0,True,True
F4,mid_file_write,10,horizon,0,0.1,4,3092,0,0,0,False,False,40,3172,3172,0,0,False,True,none,,False,False,,0.0,0.0,0.0,0.0,True,True
F4,mid_file_write,10,horizon,0,0.1,5,3064,0,0,0,False,False,277,3619,3612,0,0,False,True,none,,False,False,,0.0,0.0,0.0,0.0,True,True
F4,mid_file_write,10,horizon,0,0.1,6,3161,0,0,0,False,False,33,3227,2907,0,0,False,True,none,,False,False,,0.0,0.0,0.0,0.0,True,True
F4,mid_file_write,10,horizon,0,0.1,7,2699,0,0,0,False,False,34,2769,2749,0,0,False,True,none,,False,False,,0.0,0.0,0.0,0.0,True,True
F4,mid_file_write,10,horizon,0,0.1,8,2873,0,0,0,False,False,39,2952,2952,0,0,False,True,none,,False,False,,0.0,0.0,0.0,0.0,True,True
F4,mid_file_write,10,horizon,0,0.1,9,3005,0,0,0,False,False,49,3104,3051,0,0,False,True,none,,False,False,,0.0,0.0,0.0,0.0,True,True
F4,mid_file_write,20,horizon,0,0.1,0,2999,0,0,0,False,False,26,3053,3041,0,0,False,True,none,,False,False,,0.0,0.0,0.0,0.0,True,True
F4,mid_file_write,20,horizon,0,0.1,1,2926,0,0,0,False,False,0,2926,1798,0,0,False,False,none,,False,False,,0.0,0.0,0.0,0.0,True,True
F4,mid_file_write,20,horizon,0,0.1,2,2908,0,0,0,False,False,59,3027,3027,0,0,False,True,none,,False,False,,0.0,0.0,0.0,0.0,True,True
F4,mid_file_write,20,horizon,0,0.1,3,2948,0,0,0,False,False,0,2948,2923,0,0,False,False,none,,False,False,,0.0,0.0,0.0,0.0,True,True
F4,mid_file_write,20,horizon,0,0.1,4,3092,0,0,0,False,False,32,3157,3157,0,0,False,True,none,,False,False,,0.0,0.0,0.0,0.0,True,True
F4,mid_file_write,20,horizon,0,0.1,5,3064,0,0,0,False,False,19,3103,3096,0,0,False,True,none,,False,False,,0.0,0.0,0.0,0.0,True,True
F4,mid_file_write,20,horizon,0,0.1,6,3161,0,0,0,False,False,38,3238,2918,0,0,False,True,none,,False,False,,0.0,0.0,0.0,0.0,True,True
F4,mid_file_write,20,horizon,0,0.1,7,2699,0,0,0,False,False,0,2699,2679,0,0,False,False,none,,False,False,,0.0,0.0,0.0,0.0,True,True
F4,mid_file_write,20,horizon,0,0.1,8,2873,0,0,0,False,False,0,2873,2873,0,0,False,False,none,,False,False,,0.0,0.0,0.0,0.0,True,True
F4,mid_file_write,20,horizon,0,0.1,9,3005,0,0,0,False,False,0,3005,2952,0,0,False,False,none,,False,False,,0.0,0.0,0.0,0.0,True,True
F4,mid_file_write,30,horizon,0,0.1,0,2999,0,0,0,False,False,42,3084,3072,0,0,False,True,none,,False,False,,0.0,0.0,0.0,0.0,True,True
F4,mid_file_write,30,horizon,0,0.1,1,2926,0,0,0,False,False,0,2926,1798,0,0,False,False,none,,False,False,,0.0,0.0,0.0,0.0,True,True
F4,mid_file_write,30,horizon,0,0.1,2,2908,0,0,0,False,False,10,2929,2929,0,0,False,True,none,,False,False,,0.0,0.0,0.0,0.0,True,True
F4,mid_file_write,30,horizon,0,0.1,3,2948,0,0,0,False,False,0,2948,2923,0,0,False,False,none,,False,False,,0.0,0.0,0.0,0.0,True,True
F4,mid_file_write,30,horizon,0,0.1,4,3092,0,0,0,False,False,2,3096,3096,0,0,False,True,none,,False,False,,0.0,0.0,0.0,0.0,True,True
F4,mid_file_write,30,horizon,0,0.1,5,3064,0,0,0,False,False,0,3064,3057,0,0,False,False,none,,False,False,,0.0,0.0,0.0,0.0,True,True
F4,mid_file_write,30,horizon,0,0.1,6,3161,0,0,0,False,False,25,3211,2891,0,0,False,True,none,,False,False,,0.0,0.0,0.0,0.0,True,True
F4,mid_file_write,30,horizon,0,0.1,7,2699,0,0,0,False,False,18,2735,2715,0,0,False,True,none,,False,False,,0.0,0.0,0.0,0.0,True,True
F4,mid_file_write,30,horizon,0,0.1,8,2873,0,0,0,False,False,115,3104,3104,0,0,False,True,none,,False,False,,0.0,0.0,0.0,0.0,True,True
F4,mid_file_write,30,horizon,0,0.1,9,3005,0,0,0,False,False,0,3005,2952,0,0,False,False,none,,False,False,,0.0,0.0,0.0,0.0,True,True
F4,after_file_write,10,horizon,0,0.1,0,2999,0,0,0,False,False,61,3060,3048,0,0,False,True,none,,False,False,,0.0,0.0,0.0,0.0,True,True
F4,after_file_write,10,horizon,0,0.1,1,2926,0,0,0,False,False,0,2926,1798,0,0,False,True,none,,False,False,,0.0,0.0,0.0,0.0,True,True
F4,after_file_write,10,horizon,0,0.1,2,2908,0,0,0,False,False,0,2908,2908,0,0,False,True,none,,False,False,,0.0,0.0,0.0,0.0,True,True
F4,after_file_write,10,horizon,0,0.1,3,2948,0,0,0,False,False,46,2994,2969,0,0,False,True,none,,False,False,,0.0,0.0,0.0,0.0,True,True
F4,after_file_write,10,horizon,0,0.1,4,3092,0,0,0,False,False,80,3172,3172,0,0,False,True,none,,False,False,,0.0,0.0,0.0,0.0,True,True
F4,after_file_write,10,horizon,0,0.1,5,3064,0,0,0,False,False,555,3619,3612,0,0,False,True,none,,False,False,,0.0,0.0,0.0,0.0,True,True
F4,after_file_write,10,horizon,0,0.1,6,3161,0,0,0,False,False,66,3227,2907,0,0,False,True,none,,False,False,,0.0,0.0,0.0,0.0,True,True
F4,after_file_write,10,horizon,0,0.1,7,2699,0,0,0,False,False,70,2769,2749,0,0,False,True,none,,False,False,,0.0,0.0,0.0,0.0,True,True
F4,after_file_write,10,horizon,0,0.1,8,2873,0,0,0,False,False,79,2952,2952,0,0,False,True,none,,False,False,,0.0,0.0,0.0,0.0,True,True
F4,after_file_write,10,horizon,0,0.1,9,3005,0,0,0,False,False,99,3104,3051,0,0,False,True,none,,False,False,,0.0,0.0,0.0,0.0,True,True
F4,after_file_write,20,horizon,0,0.1,0,2999,0,0,0,False,False,54,3053,3041,0,0,False,True,none,,False,False,,0.0,0.0,0.0,0.0,True,True
F4,after_file_write,20,horizon,0,0.1,1,2926,0,0,0,False,False,0,2926,1798,0,0,False,True,none,,False,False,,0.0,0.0,0.0,0.0,True,True
F4,after_file_write,20,horizon,0,0.1,2,2908,0,0,0,False,False,119,3027,3027,0,0,False,True,none,,False,False,,0.0,0.0,0.0,0.0,True,True
F4,after_file_write,20,horizon,0,0.1,3,2948,0,0,0,False,False,0,2948,2923,0,0,False,True,none,,False,False,,0.0,0.0,0.0,0.0,True,True
F4,after_file_write,20,horizon,0,0.1,4,3092,0,0,0,False,False,65,3157,3157,0,0,False,True,none,,False,False,,0.0,0.0,0.0,0.0,True,True
F4,after_file_write,20,horizon,0,0.1,5,3064,0,0,0,False,False,39,3103,3096,0,0,False,True,none,,False,False,,0.0,0.0,0.0,0.0,True,True
F4,after_file_write,20,horizon,0,0.1,6,3161,0,0,0,False,False,77,3238,2918,0,0,False,True,none,,False,False,,0.0,0.0,0.0,0.0,True,True
F4,after_file_write,20,horizon,0,0.1,7,2699,0,0,0,False,False,0,2699,2679,0,0,False,True,none,,False,False,,0.0,0.0,0.0,0.0,True,True
F4,after_file_write,20,horizon,0,0.1,8,2873,0,0,0,False,False,0,2873,2873,0,0,False,True,none,,False,False,,0.0,0.0,0.0,0.0,True,True
F4,after_file_write,20,horizon,0,0.1,9,3005,0,0,0,False,False,0,3005,2952,0,0,False,True,none,,False,False,,0.0,0.0,0.0,0.0,True,True
F4,after_file_write,30,horizon,0,0.1,0,2999,0,0,0,False,False,85,3084,3072,0,0,False,True,none,,False,False,,0.0,0.0,0.0,0.0,True,True
F4,after_file_write,30,horizon,0,0.1,1,2926,0,0,0,False,False,0,2926,1798,0,0,False,True,none,,False,False,,0.0,0.0,0.0,0.0,True,True
F4,after_file_write,30,horizon,0,0.1,2,2908,0,0,0,False,False,21,2929,2929,0,0,False,True,none,,False,False,,0.0,0.0,0.0,0.0,True,True
F4,after_file_write,30,horizon,0,0.1,3,2948,0,0,0,False,False,0,2948,2923,0,0,False,True,none,,False,False,,0.0,0.0,0.0,0.0,True,True
F4,after_file_write,30,horizon,0,0.1,4,3092,0,0,0,False,False,4,3096,3096,0,0,False,True,none,,False,False,,0.0,0.0,0.0,0.0,True,True
F4,after_file_write,30,horizon,0,0.1,5,3064,0,0,0,False,False,0,3064,3057,0,0,False,True,none,,False,False,,0.0,0.0,0.0,0.0,True,True
F4,after_file_write,30,horizon,0,0.1,6,3161,0,0,0,False,False,50,3211,2891,0,0,False,True,none,,False,False,,0.0,0.0,0.0,0.0,True,True
F4,after_file_write,30,horizon,0,0.1,7,2699,0,0,0,False,False,36,2735,2715,0,0,False,True,none,,False,False,,0.0,0.0,0.0,0.0,True,True
F4,after_file_write,30,horizon,0,0.1,8,2873,0,0,0,False,False,231,3104,3104,0,0,False,True,none,,False,False,,0.0,0.0,0.0,0.0,True,True
F4,after_file_write,30,horizon,0,0.1,9,3005,0,0,0,False,False,0,3005,2952,0,0,False,True,none,,False,False,,0.0,0.0,0.0,0.0,True,True
F4,after_log_tmp,10,horizon,0,0.1,0,2999,0,0,0,False,False,61,3060,3048,0,0,False,True,none,,False,False,,0.0,0.0,0.0,0.0,True,True
F4,after_log_tmp,10,horizon,0,0.1,1,2926,0,0,0,False,False,0,2926,1798,0,0,False,True,none,,False,False,,0.0,0.0,0.0,0.0,True,True
F4,after_log_tmp,10,horizon,0,0.1,2,2908,0,0,0,False,False,0,2908,2908,0,0,False,True,none,,False,False,,0.0,0.0,0.0,0.0,True,True
F4,after_log_tmp,10,horizon,0,0.1,3,2948,0,0,0,False,False,46,2994,2969,0,0,False,True,none,,False,False,,0.0,0.0,0.0,0.0,True,True
F4,after_log_tmp,10,horizon,0,0.1,4,3092,0,0,0,False,False,80,3172,3172,0,0,False,True,none,,False,False,,0.0,0.0,0.0,0.0,True,True
F4,after_log_tmp,10,horizon,0,0.1,5,3064,0,0,0,False,False,555,3619,3612,0,0,False,True,none,,False,False,,0.0,0.0,0.0,0.0,True,True
F4,after_log_tmp,10,horizon,0,0.1,6,3161,0,0,0,False,False,66,3227,2907,0,0,False,True,none,,False,False,,0.0,0.0,0.0,0.0,True,True
F4,after_log_tmp,10,horizon,0,0.1,7,2699,0,0,0,False,False,70,2769,2749,0,0,False,True,none,,False,False,,0.0,0.0,0.0,0.0,True,True
F4,after_log_tmp,10,horizon,0,0.1,8,2873,0,0,0,False,False,79,2952,2952,0,0,False,True,none,,False,False,,0.0,0.0,0.0,0.0,True,True
F4,after_log_tmp,10,horizon,0,0.1,9,3005,0,0,0,False,False,99,3104,3051,0,0,False,True,none,,False,False,,0.0,0.0,0.0,0.0,True,True
F4,after_log_tmp,20,horizon,0,0.1,0,2999,0,0,0,False,False,54,3053,3041,0,0,False,True,none,,False,False,,0.0,0.0,0.0,0.0,True,True
F4,after_log_tmp,20,horizon,0,0.1,1,2926,0,0,0,False,False,0,2926,1798,0,0,False,True,none,,False,False,,0.0,0.0,0.0,0.0,True,True
F4,after_log_tmp,20,horizon,0,0.1,2,2908,0,0,0,False,False,119,3027,3027,0,0,False,True,none,,False,False,,0.0,0.0,0.0,0.0,True,True
F4,after_log_tmp,20,horizon,0,0.1,3,2948,0,0,0,False,False,0,2948,2923,0,0,False,True,none,,False,False,,0.0,0.0,0.0,0.0,True,True
F4,after_log_tmp,20,horizon,0,0.1,4,3092,0,0,0,False,False,65,3157,3157,0,0,False,True,none,,False,False,,0.0,0.0,0.0,0.0,True,True
F4,after_log_tmp,20,horizon,0,0.1,5,3064,0,0,0,False,False,39,3103,3096,0,0,False,True,none,,False,False,,0.0,0.0,0.0,0.0,True,True
F4,after_log_tmp,20,horizon,0,0.1,6,3161,0,0,0,False,False,77,3238,2918,0,0,False,True,none,,False,False,,0.0,0.0,0.0,0.0,True,True
F4,after_log_tmp,20,horizon,0,0.1,7,2699,0,0,0,False,False,0,2699,2679,0,0,False,True,none,,False,False,,0.0,0.0,0.0,0.0,True,True
F4,after_log_tmp,20,horizon,0,0.1,8,2873,0,0,0,False,False,0,2873,2873,0,0,False,True,none,,False,False,,0.0,0.0,0.0,0.0,True,True
F4,after_log_tmp,20,horizon,0,0.1,9,3005,0,0,0,False,False,0,3005,2952,0,0,False,True,none,,False,False,,0.0,0.0,0.0,0.0,True,True
F4,after_log_tmp,30,horizon,0,0.1,0,2999,0,0,0,False,False,85,3084,3072,0,0,False,True,none,,False,False,,0.0,0.0,0.0,0.0,True,True
F4,after_log_tmp,30,horizon,0,0.1,1,2926,0,0,0,False,False,0,2926,1798,0,0,False,True,none,,False,False,,0.0,0.0,0.0,0.0,True,True
F4,after_log_tmp,30,horizon,0,0.1,2,2908,0,0,0,False,False,21,2929,2929,0,0,False,True,none,,False,False,,0.0,0.0,0.0,0.0,True,True
F4,after_log_tmp,30,horizon,0,0.1,3,2948,0,0,0,False,False,0,2948,2923,0,0,False,True,none,,False,False,,0.0,0.0,0.0,0.0,True,True
F4,after_log_tmp,30,horizon,0,0.1,4,3092,0,0,0,False,False,4,3096,3096,0,0,False,True,none,,False,False,,0.0,0.0,0.0,0.0,True,True
F4,after_log_tmp,30,horizon,0,0.1,5,3064,0,0,0,False,False,0,3064,3057,0,0,False,True,none,,False,False,,0.0,0.0,0.0,0.0,True,True
F4,after_log_tmp,30,horizon,0,0.1,6,3161,0,0,0,False,False,50,3211,2891,0,0,False,True,none,,False,False,,0.0,0.0,0.0,0.0,True,True
F4,after_log_tmp,30,horizon,0,0.1,7,2699,0,0,0,False,False,36,2735,2715,0,0,False,True,none,,False,False,,0.0,0.0,0.0,0.0,True,True
F4,after_log_tmp,30,horizon,0,0.1,8,2873,0,0,0,False,False,231,3104,3104,0,0,False,True,none,,False,False,,0.0,0.0,0.0,0.0,True,True
F4,after_log_tmp,30,horizon,0,0.1,9,3005,0,0,0,False,False,0,3005,2952,0,0,False,True,none,,False,False,,0.0,0.0,0.0,0.0,True,True
F4,after_commit,10,horizon,0,0.1,0,2999,0,0,0,False,False,0,2999,2987,0,0,False,True,none,,False,False,,0.0,0.0,0.0,0.0,True,True
F4,after_commit,10,horizon,0,0.1,1,2926,0,0,0,False,False,0,2926,1798,0,0,False,True,none,,False,False,,0.0,0.0,0.0,0.0,True,True
F4,after_commit,10,horizon,0,0.1,2,2908,0,0,0,False,False,0,2908,2908,0,0,False,True,none,,False,False,,0.0,0.0,0.0,0.0,True,True
F4,after_commit,10,horizon,0,0.1,3,2948,0,0,0,False,False,0,2948,2923,0,0,False,True,none,,False,False,,0.0,0.0,0.0,0.0,True,True
F4,after_commit,10,horizon,0,0.1,4,3092,0,0,0,False,False,0,3092,3092,0,0,False,True,none,,False,False,,0.0,0.0,0.0,0.0,True,True
F4,after_commit,10,horizon,0,0.1,5,3064,0,0,0,False,False,0,3064,3057,0,0,False,True,none,,False,False,,0.0,0.0,0.0,0.0,True,True
F4,after_commit,10,horizon,0,0.1,6,3161,0,0,0,False,False,0,3161,2841,0,0,False,True,none,,False,False,,0.0,0.0,0.0,0.0,True,True
F4,after_commit,10,horizon,0,0.1,7,2699,0,0,0,False,False,0,2699,2679,0,0,False,True,none,,False,False,,0.0,0.0,0.0,0.0,True,True
F4,after_commit,10,horizon,0,0.1,8,2873,0,0,0,False,False,0,2873,2873,0,0,False,True,none,,False,False,,0.0,0.0,0.0,0.0,True,True
F4,after_commit,10,horizon,0,0.1,9,3005,0,0,0,False,False,0,3005,2952,0,0,False,True,none,,False,False,,0.0,0.0,0.0,0.0,True,True
F4,after_commit,20,horizon,0,0.1,0,2999,0,0,0,False,False,0,2999,2987,0,0,False,True,none,,False,False,,0.0,0.0,0.0,0.0,True,True
F4,after_commit,20,horizon,0,0.1,1,2926,0,0,0,False,False,0,2926,1798,0,0,False,True,none,,False,False,,0.0,0.0,0.0,0.0,True,True
F4,after_commit,20,horizon,0,0.1,2,2908,0,0,0,False,False,0,2908,2908,0,0,False,True,none,,False,False,,0.0,0.0,0.0,0.0,True,True
F4,after_commit,20,horizon,0,0.1,3,2948,0,0,0,False,False,0,2948,2923,0,0,False,True,none,,False,False,,0.0,0.0,0.0,0.0,True,True
F4,after_commit,20,horizon,0,0.1,4,3092,0,0,0,False,False,0,3092,3092,0,0,False,True,none,,False,False,,0.0,0.0,0.0,0.0,True,True
F4,after_commit,20,horizon,0,0.1,5,3064,0,0,0,False,False,0,3064,3057,0,0,False,True,none,,False,False,,0.0,0.0,0.0,0.0,True,True
F4,after_commit,20,horizon,0,0.1,6,3161,0,0,0,False,False,0,3161,2841,0,0,False,True,none,,False,False,,0.0,0.0,0.0,0.0,True,True
F4,after_commit,20,horizon,0,0.1,7,2699,0,0,0,False,False,0,2699,2679,0,0,False,True,none,,False,False,,0.0,0.0,0.0,0.0,True,True
F4,after_commit,20,horizon,0,0.1,8,2873,0,0,0,False,False,0,2873,2873,0,0,False,True,none,,False,False,,0.0,0.0,0.0,0.0,True,True
F4,after_commit,20,horizon,0,0.1,9,3005,0,0,0,False,False,0,3005,2952,0,0,False,True,none,,False,False,,0.0,0.0,0.0,0.0,True,True
F4,after_commit,30,horizon,0,0.1,0,2999,0,0,0,False,False,0,2999,2987,0,0,False,True,none,,False,False,,0.0,0.0,0.0,0.0,True,True
F4,after_commit,30,horizon,0,0.1,1,2926,0,0,0,False,False,0,2926,1798,0,0,False,True,none,,False,False,,0.0,0.0,0.0,0.0,True,True
F4,after_commit,30,horizon,0,0.1,2,2908,0,0,0,False,False,0,2908,2908,0,0,False,True,none,,False,False,,0.0,0.0,0.0,0.0,True,True
F4,after_commit,30,horizon,0,0.1,3,2948,0,0,0,False,False,0,2948,2923,0,0,False,True,none,,False,False,,0.0,0.0,0.0,0.0,True,True
F4,after_commit,30,horizon,0,0.1,4,3092,0,0,0,False,False,0,3092,3092,0,0,False,True,none,,False,False,,0.0,0.0,0.0,0.0,True,True
F4,after_commit,30,horizon,0,0.1,5,3064,0,0,0,False,False,0,3064,3057,0,0,False,True,none,,False,False,,0.0,0.0,0.0,0.0,True,True
F4,after_commit,30,horizon,0,0.1,6,3161,0,0,0,False,False,0,3161,2841,0,0,False,True,none,,False,False,,0.0,0.0,0.0,0.0,True,True
F4,after_commit,30,horizon,0,0.1,7,2699,0,0,0,False,False,0,2699,2679,0,0,False,True,none,,False,False,,0.0,0.0,0.0,0.0,True,True
F4,after_commit,30,horizon,0,0.1,8,2873,0,0,0,False,False,0,2873,2873,0,0,False,True,none,,False,False,,0.0,0.0,0.0,0.0,True,True
F4,after_commit,30,horizon,0,0.1,9,3005,0,0,0,False,False,0,3005,2952,0,0,False,True,none,,False,False,,0.0,0.0,0.0,0.0,True,True
