pattern,guard,stall_point,n,bad,fenced,mean_lost,mean_dup
A1,none,after_extract,30,30,0,0.0,149.6
A1,none,after_data_commit,30,30,0,0.0,149.6
A1,monotonic,after_extract,30,30,0,0.0,75.9
A1,monotonic,after_data_commit,30,30,0,0.0,75.9
A1,cas,after_extract,30,30,30,0.0,75.9
A1,cas,after_data_commit,30,30,30,0.0,75.9
A2,none,after_extract,30,30,0,0.0,149.6
A2,none,after_wm_commit,30,0,0,0.0,0.0
A2,monotonic,after_extract,30,30,0,0.0,75.9
A2,monotonic,after_wm_commit,30,0,0,0.0,0.0
A2,cas,after_extract,30,0,30,0.0,0.0
A2,cas,after_wm_commit,30,0,0,0.0,0.0
A4,none,after_extract,30,30,0,0.0,149.6
A4,monotonic,after_extract,30,30,0,0.0,75.9
A4,cas,after_extract,30,0,30,0.0,0.0
M1,none,after_extract,30,0,0,0.0,0.0
M1,none,after_data_commit,30,0,0,0.0,0.0
M1,monotonic,after_extract,30,0,0,0.0,0.0
M1,monotonic,after_data_commit,30,0,0,0.0,0.0
M1,cas,after_extract,30,0,30,0.0,0.0
M1,cas,after_data_commit,30,0,30,0.0,0.0
M2,none,after_extract,30,0,0,0.0,0.0
M2,monotonic,after_extract,30,0,0,0.0,0.0
M2,cas,after_extract,30,0,30,0.0,0.0
P1,none,after_extract,30,0,0,0.0,0.0
P1,none,after_delete_commit,30,30,0,0.0,76.1
P1,none,after_insert_commit,30,0,0,0.0,0.0
P1,monotonic,after_extract,30,30,0,66.8,0.0
P1,monotonic,after_delete_commit,30,30,0,0.0,84.2
P1,monotonic,after_insert_commit,30,0,0,0.0,0.0
P1,cas,after_extract,30,30,30,66.8,0.0
P1,cas,after_delete_commit,30,30,30,0.0,84.2
P1,cas,after_insert_commit,30,0,30,0.0,0.0
P2,none,after_extract,30,0,0,0.0,0.0
P2,monotonic,after_extract,30,30,0,66.8,0.0
P2,cas,after_extract,30,0,30,0.0,0.0
F1,none,after_extract,30,30,0,0.0,149.6
F1,none,after_file_write,30,30,0,0.0,149.6
F2,none,after_extract,30,0,0,0.0,0.0
F2,none,after_file_write,30,0,0,0.0,0.0
F2,none,after_manifest_tmp,30,0,0,0.0,0.0
F4,none,after_extract,30,0,30,0.0,0.0
F4,none,after_file_write,30,0,30,0.0,0.0
F4,none,after_log_tmp,30,0,30,0.0,0.0
